Resume ID,Job Title,Number of Job Applied,
adadgw,Machinist,1,
adadao,Machinist,1,
adac9e,"Machinist,Machine Operator",2,
adac7w,Machinist,1,
adacw1,"Machinist,Machine Operator",2,
adacrc,Machinist,1,
adaco1,Machinist,1,
adacnp,"Machinist,Machine Operator",2,
adace0,"Machinist,Machine Operator",2,
adab0j,"Machinist,Machine Operator",2,
adabot,"Machinist,Machine Operator",2,
adaa8r,Machinist,1,
adaa0a,"Machinist,Machine Operator",2,
adaao8,Machinist,1,
adaaiv,"Machinist,Machine Operator",2,
ac994i,Machinist,1,
ac99l7,Machinist,1,
ac99gn,Machinist,1,
ac99fs,"Machinist,Machine Operator",2,
ac9845,Machinist,1,
ac98go,Machinist,1,
ac971j,Machinist,1,
ac97pt,"Machinist,Machine Operator",2,
ac9633,Machinist,1,
ac96wu,Machinist,1,
ac96k8,"Machinist,Machine Operator",2,
ac96kc,"Machinist,Machine Operator",2,
ac9541,"Machinist,Machine Operator",2,
ac952u,"Machinist,Machine Operator",2,
ac952l,"Machinist,Machine Operator",2,
ac9519,"Machinist,Machine Operator",2,
ac95zi,Machinist,1,
ac95q0,Machinist,1,
ac95j9,"Machinist,Machine Operator",2,
ac9483,Machinist,1,
ac945v,"Machinist,Machine Operator",2,
ac942s,"Machinist,Machine Operator",2,
ac94wg,Machinist,1,
ac94ly,Machinist,1,
ac94ax,"Machinist,Machine Operator",2,
ac938g,"Machinist,Machine Operator",2,
ac937d,"Machinist,Machine Operator,Technologist",3,
ac93ot,Machinist,1,
ac93ii,Machinist,1,
ac93gb,"Machinist,Machine Operator",2,
acvzbe,Machinist,1,
ac928l,Machinist,1,
ac923s,Machinist,1,
ac92rh,"Machinist,Machine Operator",2,
ac92qp,"Machinist,Machine Operator",2,
ac92ng,Machinist,1,
ac919s,Machinist,1,
ac919d,Machinist,1,
ac9171,Machinist,1,
ac91pn,Machinist,1,
ac91mm,"Machinist,Technologist",2,
ac91l7,"Machinist,Machine Operator",2,
ac91fn,"Machinist,Machine Operator",2,
ac90p6,"Machinist,Machine Operator",2,
ac90ee,"Machinist,Machine Operator",2,
ac90bi,"Machinist,Machine Operator",2,
ac9z80,"Machinist,Machine Operator",2,
ac9z6q,Machinist,1,
ac9zvd,"Machinist,Machine Operator",2,
ac9zuq,"Machinist,Machine Operator",2,
ac9zog,"Machinist,Machine Operator",2,
ac9zmj,"Machinist,Machine Operator",2,
ac9zc2,Machinist,1,
ac9y8t,"Machinist,Machine Operator",2,
ac9y7f,"Machinist,Machine Operator",2,
ac9yxy,"Machinist,Machine Operator",2,
ac9yuy,Machinist,1,
ac9yrc,Machinist,1,
ac9yi1,Machinist,1,
ac9ygs,"Machinist,Machine Operator",2,
ac9yf4,Machinist,1,
ac9ydr,Machinist,1,
ac9xj1,Machinist,1,
ac9xg1,Machinist,1,
ac9w8r,"Machinist,Machine Operator",2,
ac9w05,Machinist,1,
ac9w00,Machinist,1,
ac9wsm,Machinist,1,
ac9wik,Machinist,1,
ac9v7w,Machinist,1,
ac9v4a,Machinist,1,
ac9vxn,Machinist,1,
ac9vvb,Machinist,1,
ac9vp1,Machinist,1,
ac9vg6,Machinist,1,
ac9u47,Machinist,1,
ac9tva,Machinist,1,
ac9ts6,Machinist,1,
ac9tsc,Machinist,1,
ac9toe,Machinist,1,
ac9tia,Machinist,1,
ac9tac,Machinist,1,
ac9s84,Machinist,1,
ac9s6n,Machinist,1,
ac9sg1,Machinist,1,
ac9sfe,Machinist,1,
ac9r8j,Machinist,1,
ac9r5e,Machinist,1,
ac9rx4,Machinist,1,
ac9q75,Machinist,1,
ac9q70,Machinist,1,
ac9qu2,Machinist,1,
ac9qt3,Machinist,1,
ac9qc9,Machinist,1,
ac9p4d,"Machinist,Technologist",2,
ac9p37,Machinist,1,
ac9p2p,Machinist,1,
ac9pp7,Machinist,1,
ac9pbg,Machinist,1,
ac9n9s,Machinist,1,
ac9nxr,Machinist,1,
ac9ncx,Machinist,1,
ac9na0,Machinist,1,
ac9m7b,Machinist,1,
ac9m5e,Machinist,1,
ac9m11,Machinist,1,
ac9mqu,Machinist,1,
ac9mqi,Machinist,1,
ac9miw,Machinist,1,
ac9mcy,Machinist,1,
ac9l6s,Machinist,1,
ac9l50,Machinist,1,
ac9kud,Machinist,1,
ac9kts,Machinist,1,
ac9ktj,Machinist,1,
ac9jv9,Machinist,1,
ac9jp1,Machinist,1,
ac9jo1,Machinist,1,
ac9jea,Machinist,1,
ac9i2y,Machinist,1,
ac9irw,Machinist,1,
ac9irh,Machinist,1,
ac9h1u,Machinist,1,
ac9hzv,Machinist,1,
ac9hxh,Machinist,1,
ac9hqs,Machinist,1,
ac9hio,Machinist,1,
ac9hf0,Machinist,1,
ac9gmd,Machinist,1,
ac9gf8,Machinist,1,
ac9gf0,Machinist,1,
ac9f54,Machinist,1,
ac9eoa,Machinist,1,
ac9ejl,"Machinist,Technologist",2,
ac9dlx,Machinist,1,
ac9dgr,Machinist,1,
ac9daq,Machinist,1,
ac9cbs,Machinist,1,
ac9b8f,Machinist,1,
ac9b7y,Machinist,1,
ac9bwd,Machinist,1,
ac9bvr,Machinist,1,
ac9bkn,Machinist,1,
ac9ate,Machinist,1,
ac9aaf,Machinist,1,
ac898k,Machinist,1,
ac89sq,Machinist,1,
ac89sp,Machinist,1,
ac88zd,Machinist,1,
ac88tc,Machinist,1,
ac88rn,Machinist,1,
ac88he,Machinist,1,
ac88ar,Machinist,1,
ac878j,Machinist,1,
ac87ti,Machinist,1,
ac87rd,Machinist,1,
ac8695,Machinist,1,
ac8666,Machinist,1,
ac86cl,Machinist,1,
ac857u,Machinist,1,
ac85yx,Machinist,1,
ac85ui,Machinist,1,
ac843l,Machinist,1,
ac84mw,Machinist,1,
ac832d,Machinist,1,
ac83fv,Machinist,1,
ac83er,Machinist,1,
ac8249,Machinist,1,
ac82zb,Machinist,1,
ac82un,Machinist,1,
ac82ow,Machinist,1,
ac82ey,Machinist,1,
ac8178,Machinist,1,
ac81zo,Machinist,1,
ac81xj,Machinist,1,
ac81qf,Machinist,1,
ac81pf,Machinist,1,
ac81kh,Machinist,1,
ac803o,Machinist,1,
ac8zso,Machinist,1,
ac8zsb,Machinist,1,
ac8zre,Machinist,1,
ac8zky,Machinist,1,
ac8zia,Machinist,1,
ac8yow,Machinist,1,
ac8ylz,Machinist,1,
ac8ylx,Machinist,1,
ac8xt5,Machinist,1,
ac8xpl,Machinist,1,
ac8xoh,Machinist,1,
ac8xn4,Machinist,1,
ac8xek,Machinist,1,
ac8w9u,Machinist,1,
ac8wid,Machinist,1,
ac8voa,Machinist,1,
ac8u9v,Machinist,1,
ac8u40,Machinist,1,
ac8u4b,Machinist,1,
ac8udl,Machinist,1,
ac8t8h,Machinist,1,
ac8t4y,Machinist,1,
ac8tp2,Machinist,1,
ac8tom,Machinist,1,
ac8tcq,Machinist,1,
ac8se7,Machinist,1,
ac8r59,Machinist,1,
ac8rsf,Machinist,1,
ac8rla,Machinist,1,
ac8rhc,Machinist,1,
ac8q8j,Machinist,1,
ac8qxf,Machinist,1,
ac8qq3,Machinist,1,
ac8qn9,Machinist,1,
ac8qet,Machinist,1,
ac8qa5,Machinist,1,
ac8p2h,Machinist,1,
ac8pwu,Machinist,1,
ac8pnt,Machinist,1,
ac8o85,Machinist,1,
ac8o40,Machinist,1,
ac8otp,Machinist,1,
ac8ocq,Machinist,1,
ac8n52,Machinist,1,
ac8n0z,Machinist,1,
ac8nuk,Machinist,1,
ac8ndz,Machinist,1,
ac8na5,Machinist,1,
ac8m6w,Machinist,1,
ac8m40,Machinist,1,
ac8mn9,Machinist,1,
ac8mib,Machinist,1,
ac8luv,Machinist,1,
ac8lll,Machinist,1,
ac8lii,Machinist,1,
ac8lcq,"Machinist,Technologist",2,
ac8k5i,Machinist,1,
ac8k3t,Machinist,1,
ac8k1m,Machinist,1,
ac8kcr,Machinist,1,
ac8j0s,Machinist,1,
ac8jnz,Machinist,1,
ac8jgv,Machinist,1,
ac8jb7,Machinist,1,
ac8ilu,Machinist,1,
ac8h85,Machinist,1,
ac8h4y,Machinist,1,
ac8hxq,Machinist,1,
ac8g1k,Machinist,1,
ac8glt,Machinist,1,
ac8f7v,Machinist,1,
ac8fzh,Machinist,1,
ac8for,Machinist,1,
ac8fef,Machinist,1,
ac8ezo,Machinist,1,
ac8es7,Machinist,1,
ac8dpu,Machinist,1,
ac8dpa,Machinist,1,
ac8c7l,Machinist,1,
ac8c6p,Machinist,1,
ac8cpp,Machinist,1,
ac8cnm,Machinist,1,
ac8ccz,Machinist,1,
ac8b48,Machinist,1,
ac8bph,Machinist,1,
ac79zr,Machinist,1,
ac79m9,Machinist,1,
ac79lr,Machinist,1,
ac79as,Machinist,1,
ac786x,Machinist,1,
ac783i,Machinist,1,
ac780u,Machinist,1,
ac78ts,Machinist,1,
ac78s5,Machinist,1,
ac78pc,Machinist,1,
ac78kr,Machinist,1,
ac78dy,Machinist,1,
ac78ay,Machinist,1,
ac779g,Machinist,1,
ac770j,Machinist,1,
ac77pn,Machinist,1,
ac764d,Machinist,1,
ac762t,Machinist,1,
ac76kb,Machinist,1,
ac7592,Machinist,1,
ac756l,Machinist,1,
ac7422,Machinist,1,
ac74wg,Machinist,1,
ac74sh,Machinist,1,
ac74lf,Machinist,1,
ac730g,Machinist,1,
ac73sd,Machinist,1,
ac73q0,Machinist,1,
ac73n8,Machinist,1,
ac728j,Machinist,1,
ac721t,Machinist,1,
ac72wh,Machinist,1,
ac72m9,Machinist,1,
ac72kn,Machinist,1,
ac71zc,Machinist,1,
ac71vk,Machinist,1,
ac71mg,Machinist,1,
ac71g5,Machinist,1,
ac71e5,Machinist,1,
ac7082,Machinist,1,
ac701c,Machinist,1,
ac700g,Machinist,1,
ac70i0,Machinist,1,
ac70h6,Machinist,1,
ac70bu,Machinist,1,
ac7zor,Machinist,1,
ac7zcm,Machinist,1,
ac7yjy,Machinist,1,
ac7ycy,Machinist,1,
ac7x9z,Machinist,1,
ac7x8t,Machinist,1,
ac7x4k,Machinist,1,
ac7xsd,Machinist,1,
ac7xm7,Machinist,1,
ac7w7a,Machinist,1,
ac7v10,Machinist,1,
ac7vtl,Machinist,1,
ac7vky,Machinist,1,
aczkjw,Machinist,1,
ac7vav,Machinist,1,
ac7usr,Machinist,1,
ac7ui3,Machinist,1,
ac7ub1,Machinist,1,
ac7t8f,Machinist,1,
ac7t4l,Machinist,1,
ac7tz6,Machinist,1,
ac7tfp,Machinist,1,
ac7svi,Machinist,1,
ac7st4,Machinist,1,
ac7stp,Machinist,1,
ac7sna,Machinist,1,
ac7sm9,Machinist,1,
ac7sf0,Machinist,1,
ac7sdm,Machinist,1,
ac7rzg,Machinist,1,
ac7rrw,Machinist,1,
ac7riq,Machinist,1,
ac7qo8,Machinist,1,
ac7qn8,Machinist,1,
ac7qgl,Machinist,1,
ac7psa,Machinist,1,
ac7pmg,Machinist,1,
ac7o9v,Machinist,1,
ac7o7w,Machinist,1,
ac7ou2,Machinist,1,
ac7ond,Machinist,1,
ac7oj1,Machinist,1,
ac7odo,Machinist,1,
ac7ocl,Machinist,1,
ac7nrs,Machinist,1,
ac7nor,Machinist,1,
ac7ni0,Machinist,1,
ac7nhi,Machinist,1,
ac7m7n,Machinist,1,
ac7mym,Machinist,1,
ac7mxg,Machinist,1,
ac7mfd,Machinist,1,
ac7mai,Machinist,1,
ac7k9v,Machinist,1,
ac7k4m,Machinist,1,
ac7k01,Machinist,1,
ac7ku9,Machinist,1,
ac7kos,Machinist,1,
ac7j0k,Machinist,1,
ac7jp9,Machinist,1,
ac7jn9,Machinist,1,
ac7i8p,Machinist,1,
ac7ily,Machinist,1,
ac7ik4,Machinist,1,
ac7ikh,Machinist,1,
ac7ifc,Machinist,1,
ac7icy,Machinist,1,
ac7h8k,Machinist,1,
ac7hz2,Machinist,1,
ac7hpj,Machinist,1,
ac7hm3,Machinist,1,
ac7g93,Machinist,1,
ac7gx5,Machinist,1,
ac7gif,Machinist,1,
ac7gid,Machinist,1,
ac7f9n,Machinist,1,
adai6o,"Machine Operator,Engineer,Technician",3,
adaizb,Machine Operator,1,
adaixg,"Machine Operator,Engineer,Technician",3,
adaiwx,Machine Operator,1,
adaivz,Machine Operator,1,
adaivn,Machine Operator,1,
adaiuk,Machine Operator,1,
adait8,Machine Operator,1,
adairu,Machine Operator,1,
adaiqs,Machine Operator,1,
adaiqo,Machine Operator,1,
adaio8,"Machine Operator,Software Engineer,Engineer",3,
adaim7,"Machine Operator,Engineer,Technician",3,
adailt,Machine Operator,1,
adaikd,"Machine Operator,Technician",2,
adaie2,"Machine Operator,Technician",2,
adaief,Machine Operator,1,
adah2q,"Machine Operator,Technologist",2,
adahw8,"Machine Operator,Technician",2,
adahv9,"Machine Operator,Technician",2,
adahui,Machine Operator,1,
adahtr,"Machine Operator,Software Engineer",2,
adahss,"Machine Operator,Technician",2,
adahrb,Machine Operator,1,
adahra,Machine Operator,1,
adahq5,Machine Operator,1,
adahq3,Machine Operator,1,
adahn5,Machine Operator,1,
adahlc,"Machine Operator,Technician",2,
adahkt,"Machine Operator,Technician",2,
adahkq,Machine Operator,1,
adahjc,"Machine Operator,Technician",2,
adahiz,Machine Operator,1,
adahia,Machine Operator,1,
adahh3,"Machine Operator,Technician",2,
adahhq,Machine Operator,1,
adahgr,Machine Operator,1,
adahfu,Machine Operator,1,
adahca,Machine Operator,1,
adaha5,Machine Operator,1,
adag8c,Machine Operator,1,
adag7q,"Machine Operator,Technician",2,
adag7d,Machine Operator,1,
adag7a,Machine Operator,1,
adag1e,Machine Operator,1,
adag09,Machine Operator,1,
adagzl,"Machine Operator,Technician",2,
adagyw,Machine Operator,1,
adagyd,"Machine Operator,Software Engineer,Technician",3,
adagw2,Machine Operator,1,
adagts,Machine Operator,1,
adagrs,Machine Operator,1,
adagrk,Machine Operator,1,
adagqz,Machine Operator,1,
adagqv,Machine Operator,1,
adagpy,"Machine Operator,Software Engineer",2,
adagn9,"Machine Operator,Technician",2,
adagkl,"Machine Operator,Software Engineer,Technician",3,
adaghh,Machine Operator,1,
adagf4,"Machine Operator,Technician",2,
adage5,Machine Operator,1,
adagcy,"Machine Operator,Technician",2,
ac54g0,"Machine Operator,Technician",2,
adagcn,Machine Operator,1,
adaf85,Machine Operator,1,
adaf8j,"Machine Operator,Technician",2,
adaf43,"Machine Operator,Software Engineer",2,
adaf27,Machine Operator,1,
adaf26,Machine Operator,1,
adaf2s,Machine Operator,1,
adaf13,"Machine Operator,Software Engineer",2,
adafz2,"Machine Operator,Technician",2,
adafzx,Machine Operator,1,
adafum,Machine Operator,1,
adafsf,Machine Operator,1,
adafqq,Machine Operator,1,
adafqe,Machine Operator,1,
adafnq,Machine Operator,1,
adafiq,"Machine Operator,Technician",2,
adafio,Machine Operator,1,
adafid,Machine Operator,1,
adafhk,"Machine Operator,Technician",2,
adafga,Machine Operator,1,
adafdg,"Machine Operator,Software Engineer",2,
adafb8,"Machine Operator,Software Engineer",2,
adae98,Machine Operator,1,
adae5p,Machine Operator,1,
adae3h,Machine Operator,1,
adae2o,"Machine Operator,Technician",2,
adae2g,Machine Operator,1,
adae02,Machine Operator,1,
adaez0,Machine Operator,1,
adaezj,Machine Operator,1,
adaezh,Machine Operator,1,
adaew1,Machine Operator,1,
adaet7,Machine Operator,1,
adaet2,"Machine Operator,Technician",2,
adaetr,Machine Operator,1,
adaetb,"Machine Operator,Technician",2,
adaeq4,Machine Operator,1,
adaejb,Machine Operator,1,
adaeiu,Machine Operator,1,
adaegz,Machine Operator,1,
adaegc,Machine Operator,1,
adaee0,Machine Operator,1,
adaeb4,Machine Operator,1,
adad2s,Machine Operator,1,
adad0t,Machine Operator,1,
adad0o,Machine Operator,1,
adadxo,Machine Operator,1,
adadwb,"Machine Operator,Technician",2,
adadu8,Machine Operator,1,
adadt0,Machine Operator,1,
adadsi,Machine Operator,1,
adadr2,Machine Operator,1,
adadrd,Machine Operator,1,
adadpk,Machine Operator,1,
adadpj,Machine Operator,1,
adadox,Machine Operator,1,
adadop,Machine Operator,1,
adadmh,Machine Operator,1,
adadlz,Machine Operator,1,
adadle,Machine Operator,1,
adadkr,Machine Operator,1,
adadit,Machine Operator,1,
adadio,Machine Operator,1,
adadg6,Machine Operator,1,
adadd3,Machine Operator,1,
adaddg,Machine Operator,1,
adadcj,Machine Operator,1,
adadbd,Machine Operator,1,
adac93,Machine Operator,1,
adac9r,Machine Operator,1,
adac8e,Machine Operator,1,
adac7s,Machine Operator,1,
adac7g,Machine Operator,1,
adac6j,Machine Operator,1,
adac52,Machine Operator,1,
adacz9,Machine Operator,1,
adacyv,Machine Operator,1,
adacyp,Machine Operator,1,
adacvw,Machine Operator,1,
adacvp,Machine Operator,1,
adacul,Machine Operator,1,
adackl,Machine Operator,1,
adach8,Machine Operator,1,
adachx,Machine Operator,1,
adacfi,Machine Operator,1,
adaceo,Machine Operator,1,
adaceh,Machine Operator,1,
adacc8,Machine Operator,1,
adacbi,Machine Operator,1,
adacbd,Machine Operator,1,
adab9j,Machine Operator,1,
adab9i,Machine Operator,1,
adab4y,Machine Operator,1,
adab33,Machine Operator,1,
adab3v,Machine Operator,1,
adab3j,Machine Operator,1,
adab2y,Machine Operator,1,
adab1r,Machine Operator,1,
adab0c,Machine Operator,1,
adabxt,Machine Operator,1,
adabsa,Machine Operator,1,
adabqn,Machine Operator,1,
adabmx,Machine Operator,1,
adabid,Machine Operator,1,
adabhy,Machine Operator,1,
adabfw,Machine Operator,1,
adabey,Machine Operator,1,
adabed,"Machine Operator,Technologist",2,
adabc3,Machine Operator,1,
adabbv,Machine Operator,1,
adaa8c,Machine Operator,1,
adaa1u,Machine Operator,1,
adaa1q,Machine Operator,1,
adaa06,Machine Operator,1,
adaa0c,Machine Operator,1,
adaax3,Machine Operator,1,
adaaxt,Machine Operator,1,
adaaw6,Machine Operator,1,
adaavw,Machine Operator,1,
abv0oh,Machine Operator,1,
adaavi,Machine Operator,1,
adaas9,Machine Operator,1,
adaas6,Machine Operator,1,
adaam8,Machine Operator,1,
adaamb,Machine Operator,1,
adaalm,Machine Operator,1,
adaai3,Machine Operator,1,
adaaip,Machine Operator,1,
adaadr,Machine Operator,1,
adaadb,Machine Operator,1,
adaac8,Machine Operator,1,
ac999r,Machine Operator,1,
ac997l,Machine Operator,1,
ac9964,Machine Operator,1,
ac996v,Machine Operator,1,
ac996o,Machine Operator,1,
ac9945,Machine Operator,1,
ac993n,Machine Operator,1,
ac991a,Machine Operator,1,
ac990q,Machine Operator,1,
ac990l,Machine Operator,1,
ac990d,Machine Operator,1,
ac99zp,Machine Operator,1,
ac99xs,Machine Operator,1,
ac99vf,Machine Operator,1,
ac99u8,Machine Operator,1,
ac99s5,Machine Operator,1,
ac99pm,Machine Operator,1,
ac99og,Machine Operator,1,
ac99mk,Machine Operator,1,
ac99mi,Machine Operator,1,
ac99i2,Machine Operator,1,
ac99ih,Machine Operator,1,
ac99ia,Machine Operator,1,
ac99ex,Machine Operator,1,
ac99ep,"Machine Operator,Technologist",2,
ac99em,Machine Operator,1,
ac99dv,Machine Operator,1,
ac99da,Machine Operator,1,
ac99ca,Machine Operator,1,
ac99bu,Machine Operator,1,
ac984r,Machine Operator,1,
ac984d,Machine Operator,1,
ac982z,Machine Operator,1,
ac982s,Machine Operator,1,
ac981r,Machine Operator,1,
ac981l,Machine Operator,1,
ac981a,Machine Operator,1,
ac98xy,Machine Operator,1,
ac98xn,Machine Operator,1,
ac98tm,Machine Operator,1,
ac98q8,Machine Operator,1,
ac98mm,Machine Operator,1,
ac98g7,Machine Operator,1,
ac98f6,Machine Operator,1,
ac98e5,Machine Operator,1,
ac98eq,Machine Operator,1,
ac979q,Machine Operator,1,
ac979o,Machine Operator,1,
ac978v,Machine Operator,1,
ac973g,Machine Operator,1,
ac973d,Machine Operator,1,
ac9720,Machine Operator,1,
ac970y,Machine Operator,1,
ac97xn,Machine Operator,1,
ac97wy,Machine Operator,1,
ac97un,Machine Operator,1,
ac97s9,Machine Operator,1,
ac97s3,Machine Operator,1,
ac97p7,Machine Operator,1,
ac97kn,Machine Operator,1,
ac97kb,Machine Operator,1,
ac97ju,Machine Operator,1,
ac97hm,Machine Operator,1,
ac97g2,Machine Operator,1,
ac97fz,Machine Operator,1,
ac97eo,Machine Operator,1,
ac97ee,Machine Operator,1,
ac97du,Machine Operator,1,
ac97b9,Machine Operator,1,
ac969p,Machine Operator,1,
ac9685,Machine Operator,1,
ac968l,Machine Operator,1,
ac9673,Machine Operator,1,
ac965p,Machine Operator,1,
ac964j,Machine Operator,1,
ac964d,Machine Operator,1,
ac963v,Machine Operator,1,
ac960j,Machine Operator,1,
ac96tr,Machine Operator,1,
ac96st,Machine Operator,1,
ac96q5,Machine Operator,1,
ac96il,Machine Operator,1,
ac96ge,Machine Operator,1,
ac96eq,Machine Operator,1,
ac96d3,Machine Operator,1,
ac959a,Machine Operator,1,
ac955i,Machine Operator,1,
ac9540,Machine Operator,1,
ac9520,Machine Operator,1,
ac9500,Machine Operator,1,
ac95zh,Machine Operator,1,
ac95y8,Machine Operator,1,
ac95v3,Machine Operator,1,
ac95vt,Machine Operator,1,
ac95vj,Machine Operator,1,
ac95qj,Machine Operator,1,
ac95pz,Machine Operator,1,
ac95o2,Machine Operator,1,
ac95ml,Machine Operator,1,
ac95l6,Machine Operator,1,
ac95j8,Machine Operator,1,
ac95if,Machine Operator,1,
ac95f0,Machine Operator,1,
ac95b5,Machine Operator,1,
ac949u,Machine Operator,1,
ac9486,Machine Operator,1,
ac948m,Machine Operator,1,
ac9462,Machine Operator,1,
ac9454,Machine Operator,1,
ac9449,Machine Operator,1,
ac9439,Machine Operator,1,
ac943a,Machine Operator,1,
ac94y8,Machine Operator,1,
ac94uk,Machine Operator,1,
ac94qn,Machine Operator,1,
ac94ql,Machine Operator,1,
ac94mi,Machine Operator,1,
ac94lu,Machine Operator,1,
ac94kb,Machine Operator,1,
ac94ia,Machine Operator,1,
ac94hy,Machine Operator,1,
ac94fo,Machine Operator,1,
ac94dy,Machine Operator,1,
ac94ag,Machine Operator,1,
ac9392,Machine Operator,1,
ac934q,Machine Operator,1,
ac932b,Machine Operator,1,
ac93z2,Machine Operator,1,
ac93xo,Machine Operator,1,
ac93xd,Machine Operator,1,
ac93tm,Machine Operator,1,
ac93qk,Machine Operator,1,
ac93pl,Machine Operator,1,
ac93ov,Machine Operator,1,
ac93op,Machine Operator,1,
ac93nm,Machine Operator,1,
ac93mz,Machine Operator,1,
ac93mi,Machine Operator,1,
ac93lw,Machine Operator,1,
ac93k8,Machine Operator,1,
ac93h4,Machine Operator,1,
ac93dg,Machine Operator,1,
ac93db,Machine Operator,1,
ac93b2,Machine Operator,1,
ac9vxo,Machine Operator,1,
ac9291,Machine Operator,1,
ac929n,Machine Operator,1,
ac925h,Machine Operator,1,
ac92y0,Machine Operator,1,
ac92xs,Machine Operator,1,
ac92s7,Machine Operator,1,
ac92q3,Machine Operator,1,
ac92ou,Machine Operator,1,
ac92ot,Machine Operator,1,
ac92nw,Machine Operator,1,
ac92ll,Machine Operator,1,
ac92kg,Machine Operator,1,
ac92ke,Machine Operator,1,
ac92j2,Machine Operator,1,
ac92jw,Machine Operator,1,
ac92hx,Machine Operator,1,
ac92c8,Machine Operator,1,
ac92bb,Machine Operator,1,
ac92ba,Machine Operator,1,
ac92ah,Machine Operator,1,
ac9196,Machine Operator,1,
ac9173,Machine Operator,1,
ac917t,Machine Operator,1,
ac917j,Machine Operator,1,
ac917c,Machine Operator,1,
ac9110,Machine Operator,1,
ac911d,Machine Operator,1,
ac91yu,Machine Operator,1,
ac91yb,Machine Operator,1,
ac91rn,Machine Operator,1,
ac91qu,Machine Operator,1,
ac91nu,Machine Operator,1,
ac91g7,Machine Operator,1,
ac91fc,Machine Operator,1,
ac91fb,Machine Operator,1,
ac91db,Machine Operator,1,
ac91c7,Machine Operator,1,
ac909q,Machine Operator,1,
ac9076,Machine Operator,1,
ac907d,Machine Operator,1,
ac905l,Machine Operator,1,
ac903z,Machine Operator,1,
ac90xq,Machine Operator,1,
ac90vv,Machine Operator,1,
ac90p4,Machine Operator,1,
ac90p2,Machine Operator,1,
ac90o9,Machine Operator,1,
ac90oj,Machine Operator,1,
ac90og,Machine Operator,1,
ac90kv,Machine Operator,1,
ac90km,Machine Operator,1,
ac90gp,Machine Operator,1,
ac90fv,Machine Operator,1,
ac90fn,Machine Operator,1,
ac90e4,Machine Operator,1,
ac90bd,Machine Operator,1,
ac9z8n,Machine Operator,1,
ac9z7r,Machine Operator,1,
ac9z6o,Machine Operator,1,
ac9z12,Machine Operator,1,
ac9zz4,Machine Operator,1,
ac9zz1,Machine Operator,1,
ac9zy9,Machine Operator,1,
ac9zyt,Machine Operator,1,
ac9zxb,Machine Operator,1,
ac9ztc,Machine Operator,1,
ac9zta,Machine Operator,1,
ac9zs0,Machine Operator,1,
ac9zsz,Machine Operator,1,
ac9znv,Machine Operator,1,
ac9zmo,Machine Operator,1,
ac9zlv,Machine Operator,1,
ac9zkx,Machine Operator,1,
ac9zju,Machine Operator,1,
ac9zet,Machine Operator,1,
ac9y6k,Machine Operator,1,
ac9y6d,Machine Operator,1,
ac9y5u,Machine Operator,1,
ac9y4h,Machine Operator,1,
ac9y2s,Machine Operator,1,
ac9y2o,Machine Operator,1,
ac9y2f,Machine Operator,1,
ac9y1b,Machine Operator,1,
ac9yub,Machine Operator,1,
ac9yti,Machine Operator,1,
ac9yst,Machine Operator,1,
ac9yr6,Machine Operator,1,
ac9yp2,Machine Operator,1,
ac9ylq,Machine Operator,1,
ac9ykb,Machine Operator,1,
ac9yjq,Machine Operator,1,
ac9ygl,Machine Operator,1,
ac9ygg,Machine Operator,1,
ac9yfx,Machine Operator,1,
ac9yd4,Machine Operator,1,
ac9yd1,Machine Operator,1,
ac9x9c,Machine Operator,1,
ac9x6m,Machine Operator,1,
ac9x50,Machine Operator,1,
ac9x2z,Machine Operator,1,
ac9xu2,Machine Operator,1,
ac9xuo,Machine Operator,1,
ac9xtw,Machine Operator,1,
ac9xr8,Machine Operator,1,
ac9xmf,Machine Operator,1,
ac9xko,Machine Operator,1,
ac9xh2,Machine Operator,1,
ac9xg5,Machine Operator,1,
ac9xe9,Machine Operator,1,
ac9xec,Machine Operator,1,
ac9xcp,Machine Operator,1,
ac9xar,Machine Operator,1,
ac9w9d,Machine Operator,1,
ac9w8v,Machine Operator,1,
ac9w4t,Machine Operator,1,
ac9w38,Machine Operator,1,
ac9wxu,Machine Operator,1,
ac9wwh,Machine Operator,1,
ac9wud,Machine Operator,1,
ac9wub,Machine Operator,1,
ac9wq8,Machine Operator,1,
adai8c,"Software Engineer,Engineer",2,
adai79,"Software Engineer,Engineer",2,
adai77,"Software Engineer,Engineer",2,
adai7q,"Software Engineer,Engineer",2,
adai7l,"Software Engineer,Engineer",2,
adai7a,"Software Engineer,Engineer",2,
adai6m,"Software Engineer,Engineer",2,
adai59,"Software Engineer,Engineer",2,
adai53,"Software Engineer,Engineer,Technician",3,
adai47,"Software Engineer,Engineer",2,
adai4r,"Software Engineer,Engineer",2,
adai4j,"Software Engineer,Engineer",2,
adai39,"Software Engineer,Engineer",2,
adai3v,"Software Engineer,Engineer",2,
adai3k,"Software Engineer,Engineer",2,
adai3j,"Software Engineer,Engineer,Technician",3,
adai3g,"Software Engineer,Engineer",2,
adai29,"Software Engineer,Engineer",2,
adai26,"Software Engineer,Engineer,Technician",3,
adai22,"Software Engineer,Engineer",2,
adai2y,"Software Engineer,Engineer,Technician",3,
adai2i,"Software Engineer,Engineer",2,
adai2e,"Software Engineer,Engineer",2,
adai1h,"Software Engineer,Engineer,Technician",3,
adai1a,"Software Engineer,Engineer",2,
adai0z,"Software Engineer,Engineer",2,
adai0w,"Software Engineer,Engineer",2,
adai0v,"Software Engineer,Engineer",2,
adai0s,"Software Engineer,Engineer",2,
adai0f,"Software Engineer,Engineer",2,
adahka,"Software Engineer,Engineer",2,
adaiz1,"Software Engineer,Engineer",2,
adaizz,"Software Engineer,Engineer",2,
adaiyr,"Software Engineer,Engineer",2,
adaixv,"Software Engineer,Engineer",2,
adaiw8,"Software Engineer,Engineer",2,
adaiw0,"Software Engineer,Engineer",2,
adaiwz,"Software Engineer,Engineer",2,
adaiwv,"Software Engineer,Engineer",2,
adaiwt,"Software Engineer,Engineer",2,
adaiv9,"Software Engineer,Engineer",2,
adaiv8,"Software Engineer,Engineer",2,
adaiv2,"Software Engineer,Engineer",2,
adaivx,"Software Engineer,Engineer",2,
adaivw,"Software Engineer,Engineer",2,
adaivc,"Software Engineer,Engineer",2,
adaivb,"Software Engineer,Engineer",2,
adaiu7,"Software Engineer,Engineer",2,
adaiuq,"Software Engineer,Engineer",2,
adaiui,"Software Engineer,Engineer",2,
adaiuf,"Software Engineer,Engineer",2,
adait3,"Software Engineer,Engineer,Technician",3,
adaitz,"Software Engineer,Engineer",2,
adaitl,"Software Engineer,Engineer",2,
adaisw,"Software Engineer,Engineer",2,
adaisj,"Software Engineer,Engineer,Technician",3,
adairt,"Software Engineer,Engineer",2,
adairo,"Software Engineer,Engineer",2,
adaiq9,"Software Engineer,Engineer",2,
adaiq7,"Software Engineer,Engineer",2,
adaiq4,"Software Engineer,Engineer",2,
adaiq3,"Software Engineer,Engineer",2,
adaip8,"Software Engineer,Engineer",2,
adaip6,"Software Engineer,Engineer",2,
adaipz,"Software Engineer,Engineer",2,
adaipv,"Software Engineer,Engineer",2,
adaipj,"Software Engineer,Engineer",2,
adaiow,"Software Engineer,Engineer",2,
adaiou,"Software Engineer,Engineer",2,
adaiom,"Software Engineer,Engineer,Technician",3,
adaiok,"Software Engineer,Engineer",2,
adaint,"Software Engineer,Engineer",2,
adaink,"Software Engineer,Engineer",2,
adaim4,"Software Engineer,Engineer",2,
adaimv,"Software Engineer,Engineer",2,
adaimn,"Software Engineer,Engineer,Technician",3,
adaimm,"Software Engineer,Engineer",2,
adaiml,"Software Engineer,Engineer",2,
adaimj,"Software Engineer,Engineer",2,
adaimd,"Software Engineer,Engineer",2,
adailw,"Software Engineer,Engineer",2,
adailp,"Software Engineer,Engineer",2,
adaik8,"Software Engineer,Engineer",2,
adaik4,"Software Engineer,Engineer",2,
adaiks,"Software Engineer,Engineer",2,
adaikq,"Software Engineer,Engineer",2,
adagf7,"Software Engineer,Engineer",2,
adaikp,"Software Engineer,Engineer,Technician",3,
adaiki,"Software Engineer,Engineer",2,
adaikb,"Software Engineer,Engineer",2,
adaijn,"Software Engineer,Engineer",2,
adaih3,"Software Engineer,Engineer",2,
adaiht,"Software Engineer,Engineer",2,
adaihk,"Software Engineer,Engineer,Technician",3,
adaihg,"Software Engineer,Engineer",2,
adaihb,"Software Engineer,Engineer",2,
adaig4,"Software Engineer,Engineer",2,
adaig1,"Software Engineer,Engineer",2,
adaigt,"Software Engineer,Engineer",2,
adaigl,"Software Engineer,Engineer",2,
adaifl,"Software Engineer,Engineer",2,
adaifj,"Software Engineer,Engineer",2,
adaifh,"Software Engineer,Engineer,Technician",3,
adaife,"Software Engineer,Engineer,Technician",3,
adaifd,"Software Engineer,Engineer,Technician",3,
adaie1,"Software Engineer,Engineer",2,
adaiev,"Software Engineer,Engineer",2,
adaid1,"Software Engineer,Engineer",2,
adaidb,"Software Engineer,Engineer",2,
adaic1,"Software Engineer,Engineer",2,
adaicn,"Software Engineer,Engineer",2,
adaicl,"Software Engineer,Engineer",2,
adaib0,"Software Engineer,Engineer",2,
adaibv,"Software Engineer,Engineer",2,
adaibc,"Software Engineer,Engineer",2,
adaibb,"Software Engineer,Engineer",2,
adaias,"Software Engineer,Engineer",2,
adah92,"Software Engineer,Engineer",2,
adah80,"Software Engineer,Engineer",2,
adah8p,"Software Engineer,Engineer",2,
adah8m,"Software Engineer,Engineer",2,
adah8j,"Software Engineer,Engineer",2,
adah8d,"Software Engineer,Engineer",2,
adah79,"Software Engineer,Engineer",2,
adah7t,"Software Engineer,Engineer",2,
adah7d,Software Engineer,1,
adah6x,"Software Engineer,Technician",2,
adah6w,Software Engineer,1,
adah6m,Software Engineer,1,
adah6h,Software Engineer,1,
adah6g,Software Engineer,1,
adah53,Software Engineer,1,
adah5y,Software Engineer,1,
adah5v,"Software Engineer,Technician",2,
adah5g,Software Engineer,1,
adah45,Software Engineer,1,
adah40,Software Engineer,1,
adah4l,Software Engineer,1,
adah4i,Software Engineer,1,
adah3v,Software Engineer,1,
adah3t,Software Engineer,1,
adah3a,Software Engineer,1,
adah2e,Software Engineer,1,
adah2b,Software Engineer,1,
adah15,Software Engineer,1,
adah1w,"Software Engineer,Technician",2,
adah1v,Software Engineer,1,
adah1s,"Software Engineer,Technician",2,
adah1m,Software Engineer,1,
adah1c,Software Engineer,1,
adah0l,Software Engineer,1,
adahyz,Software Engineer,1,
adahx2,Software Engineer,1,
adahxp,Software Engineer,1,
adahw7,Software Engineer,1,
adahw5,Software Engineer,1,
adahwx,Software Engineer,1,
adahww,Software Engineer,1,
adahwv,Software Engineer,1,
adahwo,Software Engineer,1,
adahwn,Software Engineer,1,
adahwm,"Software Engineer,Technician",2,
adahv0,Software Engineer,1,
adahvq,Software Engineer,1,
adahvh,Software Engineer,1,
adahvd,Software Engineer,1,
adahur,Software Engineer,1,
adaht6,Software Engineer,1,
adaht1,Software Engineer,1,
adahtk,Software Engineer,1,
adahtb,Software Engineer,1,
adahs2,Software Engineer,1,
adahs1,Software Engineer,1,
adahsz,Software Engineer,1,
adahsu,Software Engineer,1,
adahsf,Software Engineer,1,
adahr8,Software Engineer,1,
adahro,Software Engineer,1,
adahri,Software Engineer,1,
adahqx,Software Engineer,1,
adahqu,"Software Engineer,Technician",2,
adahqt,Software Engineer,1,
adahp6,Software Engineer,1,
adahpj,Software Engineer,1,
adahpa,Software Engineer,1,
adaho0,Software Engineer,1,
adahn1,Software Engineer,1,
adahno,Software Engineer,1,
adahnn,Software Engineer,1,
adahnh,"Software Engineer,Technician",2,
adahne,"Software Engineer,Technician",2,
adahnd,Software Engineer,1,
adahmy,"Software Engineer,Technologist",2,
adahmt,Software Engineer,1,
adahms,Software Engineer,1,
adahmp,Software Engineer,1,
adahmg,Software Engineer,1,
adahmc,Software Engineer,1,
adahlr,Software Engineer,1,
adahlb,Software Engineer,1,
adahk4,Software Engineer,1,
adahky,Software Engineer,1,
adahkx,Software Engineer,1,
adahkc,Software Engineer,1,
adahkb,Software Engineer,1,
adahj6,Software Engineer,1,
adahjx,Software Engineer,1,
adahjv,Software Engineer,1,
adahjr,"Software Engineer,Technician",2,
adahje,"Software Engineer,Technician",2,
adahi9,Software Engineer,1,
adahi7,Software Engineer,1,
adahi0,Software Engineer,1,
adahir,Software Engineer,1,
adahig,Software Engineer,1,
adahh7,Software Engineer,1,
adahh4,Software Engineer,1,
adahh1,"Software Engineer,Technician",2,
adahhu,Software Engineer,1,
adahhp,Software Engineer,1,
adahhh,Software Engineer,1,
adahhf,Software Engineer,1,
adahhb,Software Engineer,1,
adahg6,Software Engineer,1,
adahg3,Software Engineer,1,
adahgx,"Software Engineer,Technician",2,
adahgw,Software Engineer,1,
adahgl,Software Engineer,1,
adahgj,Software Engineer,1,
adahge,Software Engineer,1,
adahgb,Software Engineer,1,
adahft,Software Engineer,1,
adahfs,Software Engineer,1,
adaheh,Software Engineer,1,
adahed,Software Engineer,1,
adahdn,Software Engineer,1,
adahc7,Software Engineer,1,
adahcs,Software Engineer,1,
adahck,Software Engineer,1,
adahcf,Software Engineer,1,
adahb3,Software Engineer,1,
adahb1,Software Engineer,1,
adahbx,Software Engineer,1,
adahbm,"Software Engineer,Technician",2,
adahaj,Software Engineer,1,
adag95,Software Engineer,1,
adag9x,Software Engineer,1,
adag9m,Software Engineer,1,
adag9l,Software Engineer,1,
adag88,Software Engineer,1,
adag8j,Software Engineer,1,
adag8e,Software Engineer,1,
adag77,Software Engineer,1,
adag7p,Software Engineer,1,
adag68,Software Engineer,1,
adag64,Software Engineer,1,
adag6y,Software Engineer,1,
adag6r,Software Engineer,1,
adag6k,Software Engineer,1,
adag5q,"Software Engineer,Technician",2,
adag5d,Software Engineer,1,
adag5c,Software Engineer,1,
adag49,Software Engineer,1,
adag39,Software Engineer,1,
adag38,Software Engineer,1,
adag3l,Software Engineer,1,
adag3k,Software Engineer,1,
adag28,Software Engineer,1,
adag23,Software Engineer,1,
adag2y,Software Engineer,1,
adag2t,Software Engineer,1,
adag2j,"Software Engineer,Technologist,Technician",3,
adag19,Software Engineer,1,
adag17,Software Engineer,1,
adag16,Software Engineer,1,
adag13,Software Engineer,1,
adag1u,Software Engineer,1,
adag1l,Software Engineer,1,
adag1c,Software Engineer,1,
adag0e,Software Engineer,1,
adagzr,Software Engineer,1,
adagy5,Software Engineer,1,
adagy3,Software Engineer,1,
adagy2,Software Engineer,1,
adagym,Software Engineer,1,
adagxq,Software Engineer,1,
adagw5,Software Engineer,1,
adagvx,Software Engineer,1,
adagvd,"Software Engineer,Technician",2,
adagu7,Software Engineer,1,
adagu5,Software Engineer,1,
adaguf,Software Engineer,1,
adagua,Software Engineer,1,
adagt9,Software Engineer,1,
adagti,Software Engineer,1,
adagth,Software Engineer,1,
adags6,Software Engineer,1,
adagsj,Software Engineer,1,
adagr4,Software Engineer,1,
adagr0,"Software Engineer,Technician",2,
ac99h4,Software Engineer,1,
adagrg,Software Engineer,1,
adagrb,Software Engineer,1,
adagqs,Software Engineer,1,
adagqj,Software Engineer,1,
adagqf,Software Engineer,1,
adagqc,Software Engineer,1,
adagp4,Software Engineer,1,
adagox,Software Engineer,1,
adagow,Software Engineer,1,
adagoj,Software Engineer,1,
adagoh,"Software Engineer,Technician",2,
adagm1,Software Engineer,1,
adagmi,Software Engineer,1,
adagmh,Software Engineer,1,
adagl0,Software Engineer,1,
adaglz,Software Engineer,1,
adaglv,Software Engineer,1,
adaglj,Software Engineer,1,
adaglg,Software Engineer,1,
adagkf,Software Engineer,1,
adagjq,Software Engineer,1,
adagjh,Software Engineer,1,
adagje,Software Engineer,1,
adagi3,Software Engineer,1,
adagiz,Software Engineer,1,
adagix,Software Engineer,1,
adagiw,Software Engineer,1,
adagit,Software Engineer,1,
adaght,Software Engineer,1,
adaghr,Software Engineer,1,
adaghq,Software Engineer,1,
adaghl,Software Engineer,1,
adaghg,Software Engineer,1,
adaghd,Software Engineer,1,
adagg3,Software Engineer,1,
adagg1,Software Engineer,1,
adaggg,Software Engineer,1,
adaggf,Software Engineer,1,
adagfv,Software Engineer,1,
adagfl,Software Engineer,1,
adagfg,Software Engineer,1,
adage2,Software Engineer,1,
adageq,Software Engineer,1,
adagd1,Software Engineer,1,
adagdy,Software Engineer,1,
adagde,Software Engineer,1,
adagda,Software Engineer,1,
adagci,Software Engineer,1,
adagaf,Software Engineer,1,
adaf8y,Software Engineer,1,
adaf8r,Software Engineer,1,
adaf8n,Software Engineer,1,
adaf8k,Software Engineer,1,
adaf8h,Software Engineer,1,
adaf8g,Software Engineer,1,
adaf8b,Software Engineer,1,
adaf78,Software Engineer,1,
adaf76,Software Engineer,1,
adaf72,Software Engineer,1,
adaf7s,Software Engineer,1,
adaf55,Software Engineer,1,
adaf53,Software Engineer,1,
adaf5g,Software Engineer,1,
adaf4z,"Software Engineer,Technician",2,
adaf4u,Software Engineer,1,
adaf35,Software Engineer,1,
adaf30,Software Engineer,1,
adaf2l,Software Engineer,1,
adaf11,Software Engineer,1,
adaf1t,Software Engineer,1,
adaf1l,Software Engineer,1,
adaf1h,Software Engineer,1,
adaf1e,Software Engineer,1,
adaf0z,Software Engineer,1,
adaf0n,Software Engineer,1,
adafz6,Software Engineer,1,
adafzv,Software Engineer,1,
adafzu,Software Engineer,1,
adafzq,Software Engineer,1,
adafzg,Software Engineer,1,
adafze,"Software Engineer,Technician",2,
adafzb,Software Engineer,1,
adafy3,Software Engineer,1,
adafxf,Software Engineer,1,
adafw6,Software Engineer,1,
adafws,Software Engineer,1,
adafwr,Software Engineer,1,
adafv9,Software Engineer,1,
adafv6,Software Engineer,1,
adafv0,Software Engineer,1,
adafvr,Software Engineer,1,
adafvm,Software Engineer,1,
adafvl,Software Engineer,1,
adafu9,Software Engineer,1,
adafu8,Software Engineer,1,
adafu7,Software Engineer,1,
adafu3,Software Engineer,1,
adafut,Software Engineer,1,
adafus,Software Engineer,1,
adafuk,Software Engineer,1,
adafue,Software Engineer,1,
adafua,Software Engineer,1,
adaft9,Software Engineer,1,
adaft8,Software Engineer,1,
adaft6,Software Engineer,1,
adaftc,Software Engineer,1,
adafs5,Software Engineer,1,
adafs4,"Software Engineer,Technician",2,
adafsh,Software Engineer,1,
adafr7,Software Engineer,1,
adafr5,Software Engineer,1,
adafrz,Software Engineer,1,
adafrj,Software Engineer,1,
adafq8,Software Engineer,1,
adafq1,Software Engineer,1,
adafqv,Software Engineer,1,
adafqt,Software Engineer,1,
adafqs,Software Engineer,1,
adafqp,Software Engineer,1,
adafqc,"Software Engineer,Technician",2,
adafqb,Software Engineer,1,
adafp7,Software Engineer,1,
adafp4,Software Engineer,1,
adafpw,Software Engineer,1,
adafps,Software Engineer,1,
adafpd,Software Engineer,1,
adafpa,Software Engineer,1,
adafou,Software Engineer,1,
adafot,Software Engineer,1,
adafor,Software Engineer,1,
adafoc,Software Engineer,1,
adafn2,Software Engineer,1,
ac9437,Software Engineer,1,
adafm9,Software Engineer,1,
adafm5,"Software Engineer,Technician",2,
adafmu,Software Engineer,1,
adafmm,"Software Engineer,Technician",2,
adafmi,Software Engineer,1,
adafl4,Software Engineer,1,
adaflw,Software Engineer,1,
adafln,Software Engineer,1,
adaflk,Software Engineer,1,
adafkg,Software Engineer,1,
adafjt,Software Engineer,1,
adafjm,Software Engineer,1,
adafji,Software Engineer,1,
adafjb,Software Engineer,1,
adafi9,Software Engineer,1,
adafis,Software Engineer,1,
adafip,Software Engineer,1,
adafil,Software Engineer,1,
adafih,Software Engineer,1,
adafig,Software Engineer,1,
adafhv,Software Engineer,1,
adafhu,Software Engineer,1,
adafg3,Software Engineer,1,
adafg0,Software Engineer,1,
adafgw,Software Engineer,1,
adafgg,Software Engineer,1,
adaff8,Software Engineer,1,
adafft,Software Engineer,1,
adaffs,Software Engineer,1,
adaffb,"Software Engineer,Technician",2,
adafex,Software Engineer,1,
adafd1,Software Engineer,1,
adafdu,Software Engineer,1,
ac842p,Software Engineer,1,
adafdo,"Software Engineer,Technician",2,
adafdm,Software Engineer,1,
adafcy,Software Engineer,1,
adafbs,Software Engineer,1,
adafbk,"Software Engineer,Technician",2,
adafbb,Software Engineer,1,
adafay,Software Engineer,1,
adafak,Software Engineer,1,
adae96,Software Engineer,1,
adae95,Software Engineer,1,
adae92,Software Engineer,1,
adae9l,Software Engineer,1,
adae9k,Software Engineer,1,
adae9j,Software Engineer,1,
adae89,"Software Engineer,Technician",2,
adae82,"Software Engineer,Technician",2,
adae81,Software Engineer,1,
adae8w,Software Engineer,1,
adae8o,Software Engineer,1,
adae8j,Software Engineer,1,
adae7k,Software Engineer,1,
adae6k,Software Engineer,1,
adae5w,Software Engineer,1,
adakbd,Engineer,1,
adakba,"Engineer,Technician",2,
adakay,Engineer,1,
adakao,Engineer,1,
adakaj,Engineer,1,
adaj9t,Engineer,1,
adaj9s,Engineer,1,
adaj9r,Engineer,1,
adaj9o,Engineer,1,
adaj9l,Engineer,1,
adaj9k,"Engineer,Technician",2,
adaj88,Engineer,1,
adaj84,Engineer,1,
adaj8z,"Engineer,Technician",2,
adaj8t,Engineer,1,
adaj8o,Engineer,1,
adaj77,Engineer,1,
adaj7q,Engineer,1,
adaj7i,"Engineer,Technician",2,
adaj7a,Engineer,1,
adaj66,Engineer,1,
adaj6x,Engineer,1,
adaj6v,Engineer,1,
adaj6p,Engineer,1,
adaj6m,"Engineer,Technician",2,
adaj6k,Engineer,1,
adaj6f,Engineer,1,
adaj58,Engineer,1,
adaj54,Engineer,1,
adaj53,Engineer,1,
adaj51,Engineer,1,
adaj5z,Engineer,1,
adaj5x,Engineer,1,
adaj5p,Engineer,1,
adaj5j,Engineer,1,
adaj5c,Engineer,1,
adaj40,Engineer,1,
adaj4z,Engineer,1,
adaj4x,Engineer,1,
adaj4k,Engineer,1,
adaj4i,Engineer,1,
adaj4c,"Engineer,Technician",2,
adaj4b,Engineer,1,
adaj35,Engineer,1,
adaj32,"Engineer,Technician",2,
adaj3y,Engineer,1,
ac9usr,Engineer,1,
adaj3w,Engineer,1,
adaj3l,Engineer,1,
adaj3h,Engineer,1,
adaj3d,Engineer,1,
adaj19,Engineer,1,
adaj18,Engineer,1,
adaj11,Engineer,1,
adaj1k,"Engineer,Technician",2,
adaj1h,Engineer,1,
adaj1d,Engineer,1,
adaj1c,Engineer,1,
adaj1b,Engineer,1,
adaj1a,Engineer,1,
adaj09,Engineer,1,
adaj08,Engineer,1,
g99dt1,Engineer,1,
adaj0o,Engineer,1,
adaj0n,"Engineer,Technician",2,
adaj0j,Engineer,1,
adaj0g,Engineer,1,
adaj0e,Engineer,1,
adaj0c,Engineer,1,
adajz5,Engineer,1,
adajz1,Engineer,1,
adajz0,Engineer,1,
adajzx,Engineer,1,
adajzf,Engineer,1,
adajzd,Engineer,1,
adajzb,Engineer,1,
adajy3,Engineer,1,
adajyj,Engineer,1,
uyynq1,Engineer,1,
adajx7,Engineer,1,
adajx2,Engineer,1,
adajxw,"Engineer,Technician",2,
adajxv,Engineer,1,
adajxu,Engineer,1,
adajxq,"Engineer,Technician",2,
adajxo,Engineer,1,
adajxn,Engineer,1,
adajxm,Engineer,1,
adajxj,Engineer,1,
adajxf,Engineer,1,
adajxe,Engineer,1,
adajw9,Engineer,1,
adajw7,Engineer,1,
adajw5,Engineer,1,
abz6ea,Engineer,1,
adajwx,Engineer,1,
adajwt,Engineer,1,
adajws,Engineer,1,
adajwr,Engineer,1,
adajwq,Engineer,1,
adajwp,Engineer,1,
adajwn,Engineer,1,
adajwg,Engineer,1,
adajwb,Engineer,1,
adajv7,Engineer,1,
adajv6,Engineer,1,
adajv0,Engineer,1,
adajvv,Engineer,1,
adajvt,Engineer,1,
adajvf,Engineer,1,
adaju9,Engineer,1,
adajuz,Engineer,1,
adajup,Engineer,1,
adajuo,Engineer,1,
adajum,Engineer,1,
adajt9,Engineer,1,
adajt7,"Engineer,Technician",2,
adajt0,Engineer,1,
adajtl,Engineer,1,
adajtg,Engineer,1,
adajs9,Engineer,1,
adajsz,Engineer,1,
adajsf,Engineer,1,
adajrg,Engineer,1,
adajrd,Engineer,1,
adajq7,Engineer,1,
adajq5,Engineer,1,
adajq2,"Engineer,Technician",2,
adajqy,Engineer,1,
adajqv,Engineer,1,
adajqn,Engineer,1,
adajqi,Engineer,1,
adajqg,Engineer,1,
adahqd,Engineer,1,
adajp9,Engineer,1,
adajp7,Engineer,1,
adajp3,Engineer,1,
adajpy,Engineer,1,
adajpt,Engineer,1,
adajps,Engineer,1,
adajpp,Engineer,1,
adajpk,"Engineer,Technician",2,
adajph,Engineer,1,
adajpg,Engineer,1,
adajpf,Engineer,1,
adajpe,Engineer,1,
adajo9,Engineer,1,
adajo8,Engineer,1,
adajo6,Engineer,1,
adajo5,Engineer,1,
adajo3,Engineer,1,
adajoz,Engineer,1,
adajot,"Engineer,Technician",2,
adajoo,Engineer,1,
ac5coq,"Engineer,Technician",2,
adajom,Engineer,1,
adajn7,Engineer,1,
adajnz,"Engineer,Technician",2,
adajny,Engineer,1,
adajnn,Engineer,1,
adajnl,Engineer,1,
adajnc,Engineer,1,
adajm5,"Engineer,Technician",2,
adajm0,Engineer,1,
adajms,Engineer,1,
adajml,Engineer,1,
adajmi,Engineer,1,
adajmc,Engineer,1,
adajl5,Engineer,1,
adajlx,Engineer,1,
adajlw,Engineer,1,
adajls,Engineer,1,
adajll,Engineer,1,
adajlk,Engineer,1,
adajli,Engineer,1,
adajlb,Engineer,1,
adajla,Engineer,1,
adajk7,Engineer,1,
adajkz,Engineer,1,
adajkq,Engineer,1,
adajkl,Engineer,1,
adajj7,Engineer,1,
adajj5,Engineer,1,
adajj3,"Engineer,Technician",2,
adajj2,Engineer,1,
adajj1,Engineer,1,
adajjc,Engineer,1,
adaji9,Engineer,1,
adaji6,"Engineer,Technician",2,
adaji4,Engineer,1,
adajiv,Engineer,1,
adajil,Engineer,1,
adajh0,Engineer,1,
adajhz,Engineer,1,
adajht,Engineer,1,
adajg2,Engineer,1,
adajg0,Engineer,1,
adajgx,Engineer,1,
adajgm,Engineer,1,
adajgk,Engineer,1,
adajgi,Engineer,1,
adajgc,Engineer,1,
adajf7,"Engineer,Technician",2,
ac9m34,"Engineer,Technician",2,
adajf4,Engineer,1,
adajf3,Engineer,1,
adajfv,Engineer,1,
adajfu,Engineer,1,
adajfs,Engineer,1,
adajfp,Engineer,1,
adajfb,Engineer,1,
adaje9,Engineer,1,
adaje6,"Engineer,Technician",2,
adajeu,Engineer,1,
adajet,Engineer,1,
adajd8,Engineer,1,
adajd7,Engineer,1,
adajd2,Engineer,1,
adajdr,Engineer,1,
adajdp,Engineer,1,
adajdl,Engineer,1,
adajdd,Engineer,1,
adajc9,Engineer,1,
adajc8,Engineer,1,
adajc0,Engineer,1,
adajcz,Engineer,1,
adajcx,Engineer,1,
adajcv,Engineer,1,
adajcp,"Engineer,Technician",2,
adajcl,"Engineer,Technician",2,
adajck,Engineer,1,
adajcg,Engineer,1,
adajcc,Engineer,1,
adajca,Engineer,1,
adajb5,Engineer,1,
adajbr,"Engineer,Technician",2,
adajbl,Engineer,1,
adajbk,Engineer,1,
adajbi,"Engineer,Technician",2,
adajbf,"Engineer,Technician",2,
adajbb,Engineer,1,
adaja6,"Engineer,Technician",2,
adaja4,Engineer,1,
adajaw,Engineer,1,
adajaj,Engineer,1,
adajah,Engineer,1,
adajad,Engineer,1,
adajaa,Engineer,1,
adai95,Engineer,1,
adai9w,Engineer,1,
adai9v,Engineer,1,
adai9t,Engineer,1,
adai9q,Engineer,1,
adai9n,Engineer,1,
adai9d,"Engineer,Technologist,Technician",3,
adai88,Engineer,1,
adai8r,Engineer,1,
adai8f,Engineer,1,
adai8e,Engineer,1,
adai74,Engineer,1,
adai7z,Engineer,1,
adai7y,Engineer,1,
adai7x,Engineer,1,
adai7t,"Engineer,Technician",2,
adai67,Engineer,1,
adai63,Engineer,1,
adai6w,Engineer,1,
adai6v,Engineer,1,
adai6u,Engineer,1,
adai6s,Engineer,1,
adai6f,Engineer,1,
adai6c,Engineer,1,
adai6b,Engineer,1,
adai6a,Engineer,1,
adai58,Engineer,1,
adai56,Engineer,1,
adai4h,Engineer,1,
adai37,"Engineer,Technician",2,
adai31,Engineer,1,
adai2z,Engineer,1,
adai2j,Engineer,1,
adai1b,Engineer,1,
adai0m,Engineer,1,
adaiz8,"Engineer,Technician",2,
adaizi,Engineer,1,
adaiy9,Engineer,1,
adaiy5,Engineer,1,
adaiyx,Engineer,1,
adaiyu,Engineer,1,
adaixs,Engineer,1,
adaixe,Engineer,1,
adag2n,Engineer,1,
adaixc,Engineer,1,
adaixa,Engineer,1,
adaiw9,Engineer,1,
adaiw7,Engineer,1,
adaiw4,Engineer,1,
adaiwy,Engineer,1,
adaiwc,Engineer,1,
adaiwb,"Engineer,Technician",2,
adaivt,Engineer,1,
adaivm,Engineer,1,
adaivf,Engineer,1,
adaive,Engineer,1,
adaiu8,"Engineer,Technician",2,
adaiu1,"Engineer,Technologist",2,
adaiux,Engineer,1,
adaiuo,Engineer,1,
adaiun,Engineer,1,
adaiug,Engineer,1,
adait2,"Engineer,Technician",2,
adaity,Engineer,1,
adaitr,Engineer,1,
adaitd,Engineer,1,
adais8,Engineer,1,
adais7,Engineer,1,
adais1,Engineer,1,
adaisk,Engineer,1,
adaisd,"Engineer,Technician",2,
adaiqr,Engineer,1,
adaiqc,Engineer,1,
adaip0,Engineer,1,
adaipy,Engineer,1,
adaipt,Engineer,1,
adaipk,Engineer,1,
adaipg,Engineer,1,
adaioo,Engineer,1,
adaioj,Engineer,1,
adaiob,Engineer,1,
adain1,Engineer,1,
adaine,Engineer,1,
adailz,Engineer,1,
adaik7,"Engineer,Technologist",2,
adaik1,Engineer,1,
adaikx,Engineer,1,
adaij1,Engineer,1,
adaijr,"Engineer,Technician",2,
adaijq,Engineer,1,
adaiji,Engineer,1,
adaija,Engineer,1,
adaiid,Engineer,1,
adaiha,Engineer,1,
adaig7,Engineer,1,
adaigs,Engineer,1,
adaigh,Engineer,1,
adaif8,"Engineer,Technician",2,
adaifp,Engineer,1,
adaie9,Engineer,1,
ac8cwy,Engineer,1,
adaie4,Engineer,1,
adaidk,Engineer,1,
adaic6,Engineer,1,
adaib1,Engineer,1,
adaibf,Engineer,1,
adaia8,Engineer,1,
adaia7,"Engineer,Technician",2,
adaia6,Engineer,1,
adaia0,Engineer,1,
adaiaq,"Engineer,Technologist,Technician",3,
adaiam,Engineer,1,
adaiaf,"Engineer,Technician",2,
adaiac,Engineer,1,
adah95,Engineer,1,
adah8k,Engineer,1,
adah8f,Engineer,1,
adah8a,Engineer,1,
adah76,Engineer,1,
adah7w,Engineer,1,
adaj8s,Technologist,1,
adaj6j,Technologist,1,
adajvz,Technologist,1,
adajt5,"Technologist,Technician",2,
adajsy,Technologist,1,
adajn0,"Technologist,Technician",2,
adajec,Technologist,1,
adai9b,"Technologist,Technician",2,
adai1p,Technologist,1,
ac979j,"Technologist,Technician",2,
adaixb,"Technologist,Technician",2,
adaiwr,Technologist,1,
adaiv7,Technologist,1,
adaivg,Technologist,1,
adaiua,"Technologist,Technician",2,
adaisz,Technologist,1,
adaikf,Technologist,1,
adaiju,Technologist,1,
adaijs,Technologist,1,
adaicb,Technologist,1,
adah43,Technologist,1,
adahxv,Technologist,1,
adahmi,Technologist,1,
adahf4,Technologist,1,
adag9u,"Technologist,Technician",2,
adag80,"Technologist,Technician",2,
adagzc,Technologist,1,
adageo,"Technologist,Technician",2,
adaf7q,"Technologist,Technician",2,
adafzt,Technologist,1,
adafq9,"Technologist,Technician",2,
adafq7,Technologist,1,
adafoi,"Technologist,Technician",2,
adafer,Technologist,1,
adafdb,Technologist,1,
ac55nk,Technologist,1,
adae9i,Technologist,1,
adae6z,Technologist,1,
adae2i,"Technologist,Technician",2,
adaety,Technologist,1,
adaern,"Technologist,Technician",2,
adaepv,Technologist,1,
adaehu,Technologist,1,
adaeg7,Technologist,1,
adad62,Technologist,1,
adad02,"Technologist,Technician",2,
adadxy,Technologist,1,
adadwj,"Technologist,Technician",2,
adadjr,Technologist,1,
adac9z,Technologist,1,
adac88,Technologist,1,
adach2,Technologist,1,
adacep,Technologist,1,
adaccs,Technologist,1,
adab95,Technologist,1,
adabzt,Technologist,1,
adabs7,Technologist,1,
adabpp,Technologist,1,
adabi6,Technologist,1,
adabiq,Technologist,1,
adabhw,Technologist,1,
adabcu,Technologist,1,
adaa6d,Technologist,1,
adaa2p,Technologist,1,
adaa2h,Technologist,1,
adaa1w,Technologist,1,
adaa1v,Technologist,1,
adaazx,Technologist,1,
adaaaz,Technologist,1,
ac9966,Technologist,1,
ac99s9,Technologist,1,
ac99r7,Technologist,1,
ac99re,Technologist,1,
ac99kt,Technologist,1,
ac99jq,Technologist,1,
ac99hm,Technologist,1,
ac99hh,Technologist,1,
ac99fw,Technologist,1,
ac99eb,Technologist,1,
ac987x,Technologist,1,
ac982l,Technologist,1,
ac980x,Technologist,1,
ac98um,Technologist,1,
ac98rr,Technologist,1,
ac98q9,Technologist,1,
ac98q3,Technologist,1,
ac98qk,Technologist,1,
ac98nn,Technologist,1,
ac98d7,Technologist,1,
ac98dz,Technologist,1,
ac978w,Technologist,1,
ac972x,Technologist,1,
ac97jb,Technologist,1,
ac97fd,Technologist,1,
ac97ep,Technologist,1,
ac97a5,Technologist,1,
ac967q,Technologist,1,
ac965w,Technologist,1,
ac96tc,Technologist,1,
ac96at,Technologist,1,
ac954o,Technologist,1,
ac9530,Technologist,1,
ac953x,Technologist,1,
ac95zt,Technologist,1,
ac95p4,Technologist,1,
ac95lv,Technologist,1,
ac95k0,Technologist,1,
ac95ga,Technologist,1,
ac95az,Technologist,1,
ac949c,Technologist,1,
ac9464,Technologist,1,
ac946o,Technologist,1,
ac945i,Technologist,1,
ac94zo,Technologist,1,
ac94ye,Technologist,1,
ac94pj,Technologist,1,
ac94f7,Technologist,1,
ac94ar,Technologist,1,
ac937t,Technologist,1,
ac93qy,Technologist,1,
ac93pe,Technologist,1,
ac93nf,Technologist,1,
ac93dc,Technologist,1,
ac93cl,Technologist,1,
ac93ai,Technologist,1,
ac927u,Technologist,1,
ac922g,Technologist,1,
ac92t8,Technologist,1,
ac92pa,Technologist,1,
ac92mi,Technologist,1,
ac92kk,Technologist,1,
ac92i3,Technologist,1,
ac92it,Technologist,1,
ac910c,Technologist,1,
ac910b,Technologist,1,
ac91rv,Technologist,1,
ac91q6,Technologist,1,
ac91qf,Technologist,1,
ac91fy,Technologist,1,
ac91el,Technologist,1,
ac9051,Technologist,1,
ac90wk,Technologist,1,
ac90t1,Technologist,1,
ac90nl,Technologist,1,
ac90l1,Technologist,1,
ac90lp,Technologist,1,
ac9z9r,Technologist,1,
ac9z2i,Technologist,1,
ac9z0a,Technologist,1,
ac9zrm,Technologist,1,
ac9zlw,Technologist,1,
ac9zlb,Technologist,1,
ac9zjx,Technologist,1,
ac9zb5,Technologist,1,
ac9y7c,Technologist,1,
ac9y1f,Technologist,1,
ac9y0c,Technologist,1,
ac9yzv,Technologist,1,
ac9yxl,Technologist,1,
ac9ysk,Technologist,1,
ac9yna,Technologist,1,
ac9yet,Technologist,1,
ac9ydy,Technologist,1,
ac9x7p,Technologist,1,
ac9xw5,Technologist,1,
ac9xvj,Technologist,1,
ac9xsq,Technologist,1,
ac9xpd,Technologist,1,
ac9xms,Technologist,1,
ac9xii,Technologist,1,
ac9xeh,Technologist,1,
ac9xbs,Technologist,1,
ac9w84,Technologist,1,
ac9w2p,Technologist,1,
ac9wsw,Technologist,1,
ac9wr2,Technologist,1,
ac9wqy,Technologist,1,
ac9woq,Technologist,1,
ac9wgt,Technologist,1,
ac9v5o,Technologist,1,
ac9vpe,Technologist,1,
ac9u85,Technologist,1,
ac9u3v,Technologist,1,
ac9uzl,Technologist,1,
ac9t33,Technologist,1,
ac9tyk,Technologist,1,
ac9tlb,Technologist,1,
ac9tjd,Technologist,1,
ac9te4,Technologist,1,
ac9s6s,Technologist,1,
ac9s54,Technologist,1,
ac9syt,Technologist,1,
ac9sre,Technologist,1,
ac9sqw,Technologist,1,
ac9sh1,Technologist,1,
ac9shd,Technologist,1,
ac9r8r,Technologist,1,
ac9r8d,Technologist,1,
ac9r7e,Technologist,1,
ac9r4w,Technologist,1,
ac9rll,Technologist,1,
ac9rf0,Technologist,1,
ac9q6y,Technologist,1,
ac9q5p,Technologist,1,
ac9qvy,Technologist,1,
ac9qvu,Technologist,1,
ac9qfo,Technologist,1,
ac9p92,Technologist,1,
ac9p11,Technologist,1,
ac9psm,Technologist,1,
ac9pjv,Technologist,1,
ac9ow7,Technologist,1,
ac9ok7,Technologist,1,
ac9n9r,Technologist,1,
ac9n8m,Technologist,1,
ac9n3u,Technologist,1,
ac9nwz,Technologist,1,
ac9nv5,Technologist,1,
ac9no4,Technologist,1,
ac9nmk,Technologist,1,
ac9nda,Technologist,1,
ac9nci,Technologist,1,
ac9m27,Technologist,1,
ac9m2x,Technologist,1,
ac9ms9,Technologist,1,
ac9mrm,Technologist,1,
ac9mpp,Technologist,1,
ac9mln,Technologist,1,
ac9mjx,Technologist,1,
ac9mi6,Technologist,1,
ac9mi0,Technologist,1,
ac9l8t,Technologist,1,
ac9lv8,Technologist,1,
ac9lts,Technologist,1,
ac9ltr,Technologist,1,
ac9lku,Technologist,1,
ac9lj5,Technologist,1,
ac9lhc,Technologist,1,
ac9lfy,Technologist,1,
ac9k9a,Technologist,1,
ac9k7p,Technologist,1,
ac9k5z,Technologist,1,
ac9k30,Technologist,1,
ac9k2i,Technologist,1,
ac9kvq,Technologist,1,
ac9ks6,Technologist,1,
ac9kgv,Technologist,1,
ac9kge,Technologist,1,
ac9ke7,Technologist,1,
ac9j7h,Technologist,1,
ac9j5i,Technologist,1,
ac9j35,Technologist,1,
ac9j3k,Technologist,1,
ac9j2c,Technologist,1,
ac9jmw,Technologist,1,
ac9jah,Technologist,1,
ac9i9q,Technologist,1,
ac9isu,Technologist,1,
ac9iqr,Technologist,1,
ac9ig4,Technologist,1,
ac9ia4,Technologist,1,
ac9hu7,Technologist,1,
ac9hor,Technologist,1,
ac9hi6,Technologist,1,
ac9g43,Technologist,1,
ac9g05,Technologist,1,
ac9gg3,Technologist,1,
ac9ger,Technologist,1,
ac9f7x,Technologist,1,
ac9f36,Technologist,1,
ac9fwx,Technologist,1,
ac9fkm,Technologist,1,
ac9ffn,Technologist,1,
ac9feo,Technologist,1,
ac9fac,Technologist,1,
ac9eyh,Technologist,1,
ac9ex1,Technologist,1,
ac9ew2,Technologist,1,
ac9ewn,Technologist,1,
ac9ev3,Technologist,1,
ac9etb,Technologist,1,
ac9esm,Technologist,1,
ac9elq,Technologist,1,
ac9ed5,Technologist,1,
ac9ed3,Technologist,1,
ac9ebb,Technologist,1,
ac9d80,Technologist,1,
ac9d4x,Technologist,1,
ac9dzd,Technologist,1,
ac9dpj,Technologist,1,
ac9dd0,Technologist,1,
ac9c9c,Technologist,1,
ac9c0t,Technologist,1,
ac9c0m,Technologist,1,
ac9c0d,Technologist,1,
ac9cty,Technologist,1,
ac9cn4,Technologist,1,
ac9cmr,Technologist,1,
acw7qb,Technologist,1,
ac9b8m,Technologist,1,
ac9b0n,Technologist,1,
ac9bx1,Technologist,1,
ac9bxv,Technologist,1,
ac763s,Technologist,1,
ac9bcz,Technologist,1,
ac9bbr,Technologist,1,
ac9a03,Technologist,1,
ac9as3,Technologist,1,
ac9acb,Technologist,1,
ac893s,Technologist,1,
ac89vj,Technologist,1,
ac89py,Technologist,1,
ac89l4,Technologist,1,
ac89lg,Technologist,1,
ac89k3,Technologist,1,
ac888u,Technologist,1,
ac88rx,Technologist,1,
ac88n8,Technologist,1,
ac88nq,Technologist,1,
ac88mv,Technologist,1,
ac88kx,Technologist,1,
ac88j4,Technologist,1,
ac88jx,Technologist,1,
ac88hb,Technologist,1,
ac88fc,Technologist,1,
ac871u,Technologist,1,
ac87vt,Technologist,1,
ac87u0,Technologist,1,
ac87is,Technologist,1,
ac87g0,Technologist,1,
ac87fi,Technologist,1,
ac87by,Technologist,1,
ac868s,Technologist,1,
ac860m,Technologist,1,
ac860d,Technologist,1,
ac86zn,Technologist,1,
ac86rx,Technologist,1,
ac86ri,Technologist,1,
ac86q6,Technologist,1,
ac86ny,Technologist,1,
ac8526,Technologist,1,
ac852p,Technologist,1,
ac850s,Technologist,1,
ac85t8,Technologist,1,
ac85rx,Technologist,1,
ac85qq,Technologist,1,
ac85pu,Technologist,1,
ac85ix,Technologist,1,
ac85fl,Technologist,1,
ac8408,Technologist,1,
ac84zq,Technologist,1,
ac84uf,Technologist,1,
ac84qv,Technologist,1,
ac84l2,Technologist,1,
ac84kc,Technologist,1,
ac84c8,Technologist,1,
ac839g,Technologist,1,
ac836g,Technologist,1,
ac83up,Technologist,1,
ac83t0,Technologist,1,
ac83tb,Technologist,1,
ac83qv,Technologist,1,
ac83os,Technologist,1,
ac83bb,Technologist,1,
ac827u,Technologist,1,
ac8208,Technologist,1,
ac82x9,Technologist,1,
ac82us,Technologist,1,
ac82rn,Technologist,1,
ac82pr,Technologist,1,
ac82kd,Technologist,1,
ac82bb,Technologist,1,
ac82ap,Technologist,1,
ac8174,Technologist,1,
ac81zc,Technologist,1,
ac81u0,Technologist,1,
ac81o4,Technologist,1,
ac81op,Technologist,1,
ac81ao,Technologist,1,
ac804y,Technologist,1,
ac804w,Technologist,1,
ac80vm,Technologist,1,
ac80rk,Technologist,1,
ac80oq,Technologist,1,
ac8zys,Technologist,1,
ac8zym,Technologist,1,
ac8zje,Technologist,1,
ac8zft,Technologist,1,
ac8zfl,Technologist,1,
ac8ze6,Technologist,1,
ac8y27,Technologist,1,
ac8y1d,Technologist,1,
ac8yzg,Technologist,1,
ac8yar,Technologist,1,
ac8xz8,Technologist,1,
ac8xr8,Technologist,1,
ac8xe7,Technologist,1,
ac8xdm,Technologist,1,
ac8wx0,Technologist,1,
ac8wwc,Technologist,1,
ac8wef,Technologist,1,
ac8wdm,Technologist,1,
ac8v7v,Technologist,1,
ac8vkx,Technologist,1,
ac8vhu,Technologist,1,
ac8vfn,Technologist,1,
ac8vbu,Technologist,1,
ac8u3f,Technologist,1,
ac8u1i,Technologist,1,
ac8u0y,Technologist,1,
ac8uzb,Technologist,1,
ac8uio,Technologist,1,
ac8t5x,Technologist,1,
ac8ts3,Technologist,1,
ac8tqp,Technologist,1,
ac8th1,Technologist,1,
ac8tgk,Technologist,1,
ac8tcv,Technologist,1,
ac8tcg,Technologist,1,
ac8s00,Technologist,1,
ac8ssu,Technologist,1,
ac8slh,Technologist,1,
ac8sf7,Technologist,1,
ac8rt0,Technologist,1,
ac8rsy,Technologist,1,
ac8rr0,Technologist,1,
ac8rrq,Technologist,1,
ac8rmi,Technologist,1,
ac8rj7,Technologist,1,
ac8rfx,Technologist,1,
ac8rd0,Technologist,1,
ac8q26,Technologist,1,
ac8q2g,Technologist,1,
ac8q0w,Technologist,1,
ac8qzs,Technologist,1,
ac8qxe,Technologist,1,
ac8qje,Technologist,1,
ac8p02,Technologist,1,
ac8pza,Technologist,1,
ac8pvw,Technologist,1,
ac8pvq,Technologist,1,
ac8pp3,Technologist,1,
ac8pna,Technologist,1,
ac8pi7,Technologist,1,
ac8pao,Technologist,1,
ac8o98,Technologist,1,
ac8o7r,Technologist,1,
ac8o39,Technologist,1,
ac8orl,Technologist,1,
ac8oax,Technologist,1,
ac8oad,Technologist,1,
ac8n3k,Technologist,1,
ac8nuc,Technologist,1,
ac8nop,Technologist,1,
ac8njq,Technologist,1,
ac8nhf,Technologist,1,
ac8nfv,Technologist,1,
ac8mzi,Technologist,1,
ac8myk,Technologist,1,
ac8mvq,Technologist,1,
ac8mmq,Technologist,1,
ac8l6y,Technologist,1,
ac8k8o,Technologist,1,
ac8k8g,Technologist,1,
ac8kvx,Technologist,1,
ac8ktf,Technologist,1,
ac8ka6,Technologist,1,
ac8j06,Technologist,1,
ac8jyc,Technologist,1,
ac8jxk,Technologist,1,
ac8jwp,Technologist,1,
ac8jky,Technologist,1,
ac8jg0,Technologist,1,
ac8i12,Technologist,1,
ac8ir2,Technologist,1,
ac8irf,Technologist,1,
ac8igx,Technologist,1,
ac8ie6,Technologist,1,
ac8h8y,Technologist,1,
ac8h6x,Technologist,1,
ac8hzu,Technologist,1,
ac8hx0,Technologist,1,
ac8hm3,Technologist,1,
ac77w6,Technologist,1,
ac8gsz,Technologist,1,
ac8gss,Technologist,1,
adakbr,Technician,1,
adaka8,Technician,1,
adakae,Technician,1,
adaj91,Technician,1,
adaj9i,Technician,1,
adaj8l,Technician,1,
adaj8j,Technician,1,
adaj7o,Technician,1,
adaj55,Technician,1,
adaj5o,Technician,1,
adaj48,Technician,1,
adaj4q,Technician,1,
adaj2n,Technician,1,
adaj0m,Technician,1,
adajzv,Technician,1,
adajyv,Technician,1,
adajye,Technician,1,
adajxz,Technician,1,
adajxt,Technician,1,
adajxb,Technician,1,
adajw8,Technician,1,
adajw4,Technician,1,
adajv1,Technician,1,
adajvw,Technician,1,
adajvo,Technician,1,
adaju8,Technician,1,
adaju4,Technician,1,
adaju3,Technician,1,
adajul,Technician,1,
adajtw,Technician,1,
adajsx,Technician,1,
adajqw,Technician,1,
adajqa,Technician,1,
adajpl,Technician,1,
adajpj,Technician,1,
adajo7,Technician,1,
adajo4,Technician,1,
adajow,Technician,1,
adajmp,Technician,1,
adajld,Technician,1,
adajk8,Technician,1,
adajk4,Technician,1,
adajky,Technician,1,
adajjp,Technician,1,
adajjj,Technician,1,
adajje,Technician,1,
ac8hui,Technician,1,
adajid,Technician,1,
adajh1,Technician,1,
adajf0,Technician,1,
adajfk,Technician,1,
adajey,Technician,1,
adajej,Technician,1,
adajeb,Technician,1,
adajdt,Technician,1,
adajdg,Technician,1,
adajcy,Technician,1,
adajb9,Technician,1,
adajb7,Technician,1,
adajbv,Technician,1,
adajbn,Technician,1,
adajbj,Technician,1,
adajae,Technician,1,
adai8v,Technician,1,
adai6y,Technician,1,
adai6n,Technician,1,
adai35,Technician,1,
adai3s,Technician,1,
adai3o,Technician,1,
adai3d,Technician,1,
adai28,Technician,1,
adai27,Technician,1,
adai03,Technician,1,
adaiw2,Technician,1,
adaiwk,Technician,1,
adaivu,Technician,1,
adaiu5,Technician,1,
adaitx,Technician,1,
adaitc,Technician,1,
adaisv,Technician,1,
adaiqv,Technician,1,
adaipa,Technician,1,
adaio0,Technician,1,
adaios,Technician,1,
adain5,Technician,1,
adaino,Technician,1,
adaim1,Technician,1,
adaimq,Technician,1,
adailu,Technician,1,
adailq,Technician,1,
adaikv,Technician,1,
adaikn,Technician,1,
adaij5,Technician,1,
adaihh,Technician,1,
adaifu,Technician,1,
adaifm,Technician,1,
adaie5,Technician,1,
adaie3,Technician,1,
adaiex,Technician,1,
adaiep,Technician,1,
adaieh,Technician,1,
adaid5,Technician,1,
adaidt,Technician,1,
adaidg,Technician,1,
adaib7,Technician,1,
adaibp,Technician,1,
adaibi,Technician,1,
adaiaz,Technician,1,
adaiav,Technician,1,
adaiap,Technician,1,
adah87,Technician,1,
adah7l,Technician,1,
adah7c,Technician,1,
adah69,Technician,1,
adah61,Technician,1,
adah60,Technician,1,
adah6o,Technician,1,
adah50,Technician,1,
adah4t,Technician,1,
adah4b,Technician,1,
adah35,Technician,1,
adah31,Technician,1,
adah3p,Technician,1,
adah3b,Technician,1,
adah2w,Technician,1,
adah1j,Technician,1,
adah1f,Technician,1,
adahyc,Technician,1,
adahx8,Technician,1,
adahxw,Technician,1,
adahwq,Technician,1,
adahwi,Technician,1,
adahv8,Technician,1,
adahvx,Technician,1,
adahvo,Technician,1,
adahvm,Technician,1,
adahu9,Technician,1,
adahuy,Technician,1,
adahuq,Technician,1,
adahue,Technician,1,
adahuc,Technician,1,
adaht2,Technician,1,
adahsy,Technician,1,
adahqw,Technician,1,
adahqk,Technician,1,
adahly,Technician,1,
adahke,Technician,1,
adahjy,Technician,1,
adahjd,Technician,1,
adahiv,Technician,1,
adahh0,Technician,1,
adahhm,Technician,1,
adahhj,Technician,1,
adahhg,Technician,1,
adahfw,Technician,1,
adahd7,Technician,1,
adahcb,Technician,1,
adahbu,Technician,1,
adahbo,Technician,1,
adahap,Technician,1,
adag99,Technician,1,
adag9e,Technician,1,
adag9c,Technician,1,
adag83,Technician,1,
adag8o,Technician,1,
adag8k,Technician,1,
adag75,Technician,1,
adag7y,Technician,1,
adag7g,Technician,1,
adag6f,Technician,1,
adag53,Technician,1,
adag5v,Technician,1,
adag21,Technician,1,
adag2z,Technician,1,
adag2r,Technician,1,
adag18,Technician,1,
adag1f,Technician,1,
adag0a,Technician,1,
adagz4,Technician,1,
adagz0,Technician,1,
adagy7,Technician,1,
adagx6,Technician,1,
adagwe,Technician,1,
adagvi,Technician,1,
adagvg,Technician,1,
adagt0,Technician,1,
adagto,Technician,1,
adagtk,Technician,1,
adagtg,Technician,1,
adags7,Technician,1,
adagrz,Technician,1,
adagro,Technician,1,
adagre,Technician,1,
adagq3,Technician,1,
adagqt,Technician,1,
adagqo,Technician,1,
adago6,Technician,1,
adagoa,Technician,1,
adagn6,Technician,1,
adagl1,Technician,1,
adagjx,Technician,1,
adagjr,Technician,1,
adagin,Technician,1,
acdrrn,Technician,1,
adagh0,Technician,1,
adaghb,Technician,1,
adaggr,Technician,1,
adaggq,Technician,1,
adaggp,Technician,1,
adaggn,Technician,1,
adagf9,Technician,1,
adagff,Technician,1,
adage7,Technician,1,
adaget,Technician,1,
adager,Technician,1,
adagdm,Technician,1,
adagdb,Technician,1,
adagc7,Technician,1,
adagbm,Technician,1,
adaf8v,Technician,1,
adaf8u,Technician,1,
adaf7o,Technician,1,
adaf5m,Technician,1,
adaf33,Technician,1,
adaf3e,Technician,1,
adaf3b,Technician,1,
adaf2i,Technician,1,
adaf1g,Technician,1,
adaf02,Technician,1,
adafz1,Technician,1,
adafyl,Technician,1,
adafw9,Technician,1,
adafwx,Technician,1,
adafwp,Technician,1,
adafwm,Technician,1,
adafwj,Technician,1,
adafvj,Technician,1,
adaftf,Technician,1,
adafte,Technician,1,
adafr9,Technician,1,
adafr4,Technician,1,
adafr0,Technician,1,
adafrk,Technician,1,
adafpv,Technician,1,
adafpt,Technician,1,
adafpp,Technician,1,
adafpg,Technician,1,
adafo3,Technician,1,
adafo0,Technician,1,
adafnt,Technician,1,
adafnr,Technician,1,
adafl5,Technician,1,
adafkw,Technician,1,
adafjq,Technician,1,
adafit,Technician,1,
adafh1,Technician,1,
adafhi,Technician,1,
adafg8,Technician,1,
adafg5,Technician,1,
adafgu,Technician,1,
adafgo,Technician,1,
adaff5,Technician,1,
adaff3,Technician,1,
adaff0,Technician,1,
ac9658,Technician,1,
adafee,Technician,1,
adafea,Technician,1,
adafc1,Technician,1,
adafco,Technician,1,
adafcf,Technician,1,
adafbw,Technician,1,
adafbv,Technician,1,
adafbp,Technician,1,
adafba,Technician,1,
adafa4,Technician,1,
adafau,Technician,1,
adafan,Technician,1,
adafab,Technician,1,
adae71,Technician,1,
adae6t,Technician,1,
adae53,Technician,1,
adae5t,Technician,1,
adae4u,Technician,1,
adae4q,Technician,1,
adae3n,Technician,1,
adae26,Technician,1,
adae22,Technician,1,
adae2q,Technician,1,
adae12,Technician,1,
adae1s,Technician,1,
adae1a,Technician,1,
adae0u,Technician,1,
adaez4,Technician,1,
adaey7,Technician,1,
adaeym,Technician,1,
adaewi,Technician,1,
ac97kk,Technician,1,
adaeud,Technician,1,
adaeuc,Technician,1,
adaetw,Technician,1,
adaete,Technician,1,
adaetc,Technician,1,
adaeq9,Technician,1,
adaeq5,Technician,1,
adaeqn,Technician,1,
adaeqf,Technician,1,
adaep9,Technician,1,
adaepw,Technician,1,
adaept,Technician,1,
adaepc,Technician,1,
adaeo5,Technician,1,
adaeo3,Technician,1,
adaenv,Technician,1,
adaemx,Technician,1,
adaemo,Technician,1,
adaemd,Technician,1,
adael1,Technician,1,
adaely,Technician,1,
adaelx,Technician,1,
adaelk,Technician,1,
adaek5,Technician,1,
adaekj,Technician,1,
adaej3,Technician,1,
adaej2,Technician,1,
adaejm,Technician,1,
adaeje,Technician,1,
adaegs,Technician,1,
adaegb,Technician,1,
adaefk,Technician,1,
adaefd,Technician,1,
adaeen,Technician,1,
adaedq,Technician,1,
adaeb8,Technician,1,
adaebj,Technician,1,
adaebh,Technician,1,
adaebf,Technician,1,
adaea4,Technician,1,
adaeaq,Technician,1,
adaeal,Technician,1,
adaeaa,Technician,1,
adad88,Technician,1,
adad8j,Technician,1,
adad8c,Technician,1,
adad7z,Technician,1,
adad7x,Technician,1,
adad7q,Technician,1,
adad7p,Technician,1,
adad7h,Technician,1,
adad6o,Technician,1,
adad6b,Technician,1,
adad52,Technician,1,
adad5v,Technician,1,
adad26,Technician,1,
adad22,Technician,1,
adad2n,Technician,1,
adad1p,Technician,1,
adad07,Technician,1,
adad0l,Technician,1,
adad0i,Technician,1,
adadzm,Technician,1,
adadx5,Technician,1,
adadxu,Technician,1,
adadxf,Technician,1,
adadw2,Technician,1,
adadwx,Technician,1,
adadwr,Technician,1,
adadwo,Technician,1,
adadv4,Technician,1,
adadvv,Technician,1,
adadvl,Technician,1,
adadvc,Technician,1,
,,,
,,Total Count:,
,,1,2279
,,2,273
,,3,24
,,4,0
,,5,0
,,6,0
