Job ID,Job Title,Number of field,
gpj2jm,"Software Engineer, Engineer",2,
gn3ih3,"Software Engineer, Engineer",2,
gdof9j,"Software Engineer, Engineer",2,
gpo37l,"Software Engineer, Engineer",2,
gdoga0,"Software Engineer, Engineer",2,
gevsqt,"Software Engineer, Engineer",2,
go1k1o,"Software Engineer, Engineer",2,
gevsqu,"Software Engineer, Engineer",2,
go58t4,"Software Engineer, Engineer",2,
gdbw1x,"Software Engineer, Engineer",2,
go1oxb,"Software Engineer, Engineer",2,
go58zp,"Software Engineer, Engineer",2,
goqp7c,"Software Engineer, Engineer",2,
go589t,"Software Engineer, Engineer",2,
gpd9cs,"Software Engineer, Engineer",2,
go1uji,"Software Engineer, Engineer",2,
go58ys,"Software Engineer, Engineer",2,
goqy1b,"Software Engineer, Engineer",2,
goa8ir,"Software Engineer, Engineer",2,
gnwcmi,"Software Engineer, Engineer",2,
gm8ibq,"Software Engineer, Engineer",2,
gdbwx2,"Software Engineer, Engineer",2,
gmxugb,"Software Engineer, Engineer",2,
gnxlex,"Software Engineer, Engineer",2,
gemnak,"Software Engineer, Engineer",2,
go6od8,"Software Engineer, Engineer",2,
goi3d2,"Software Engineer, Engineer",2,
gnxmb1,"Software Engineer, Engineer",2,
gjgxc7,"Software Engineer, Engineer",2,
gk8gxx,"Software Engineer, Engineer",2,
gnxnwb,"Software Engineer, Engineer",2,
gipc0h,"Software Engineer, Engineer",2,
godopl,"Software Engineer, Engineer",2,
gm6qxc,"Software Engineer, Engineer",2,
gjgxc8,"Software Engineer, Engineer",2,
gnkla1,"Software Engineer, Engineer",2,
glxxwd,"Software Engineer, Engineer",2,
gipd5h,"Software Engineer, Engineer",2,
gh1cpz,"Software Engineer, Engineer",2,
gipd5a,"Software Engineer, Engineer",2,
gd5q0n,"Software Engineer, Engineer",2,
gonds8,"Software Engineer, Engineer",2,
gg17mq,"Software Engineer, Engineer",2,
gfc5k3,"Software Engineer, Engineer",2,
geotpr,"Software Engineer, Engineer",2,
gd5p6l,"Software Engineer, Engineer",2,
gg169j,"Software Engineer, Engineer",2,
gg17ke,"Software Engineer, Engineer",2,
gnezng,"Software Engineer, Engineer",2,
gneznf,"Software Engineer, Engineer",2,
gpowvs,Machinist,1,
gox4sv,Machinist,1,
gngj0t,Machinist,1,
god122,Machinist,1,
go79e2,Machinist,1,
gpijq4,Machinist,1,
go384s,Machinist,1,
gpp85x,Machinist,1,
gox8ia,Machinist,1,
gnn759,Machinist,1,
gpj012,Machinist,1,
gpg5tj,Machinist,1,
gpowiy,Machinist,1,
go4ee4,Machinist,1,
gpj1k3,Machinist,1,
gpkgqt,Machinist,1,
gofvdl,Machinist,1,
gpowg3,Machinist,1,
goyv8m,Machinist,1,
gpnqrc,Machinist,1,
golb3e,Machinist,1,
gpov3l,Machinist,1,
gplk9z,Machinist,1,
go21v3,Machinist,1,
go5b2t,Machinist,1,
goow6y,Machinist,1,
gnotky,Machinist,1,
gob23f,Machinist,1,
gok0pp,Machinist,1,
gnculp,Machinist,1,
gnpidr,Machinist,1,
gozvb5,Machinist,1,
go4ebq,Machinist,1,
gnhhmg,Machinist,1,
gohjnr,Machinist,1,
gpi3u1,Machinist,1,
gnqcru,Machinist,1,
gpp7x6,Machinist,1,
gnehi3,Machinist,1,
gpgo41,Machinist,1,
gow2b6,Machinist,1,
gnyvtd,Machinist,1,
gpif09,Machinist,1,
goxs5z,Machinist,1,
goyrf4,Machinist,1,
gozvui,Machinist,1,
gob37x,Machinist,1,
gpppgo,Machinist,1,
glmlni,Machinist,1,
gd5wc4,Machinist,1,
gocoev,Machinist,1,
gnhqv1,Machinist,1,
go5chv,Machinist,1,
go8aag,Machinist,1,
gopel0,Machinist,1,
goookt,Machinist,1,
goztlv,Machinist,1,
gopoap,Machinist,1,
gpgk9x,Machinist,1,
gpllku,Machinist,1,
gos74v,Machinist,1,
gpfscl,Machinist,1,
gnt5g3,Machinist,1,
goptkb,Machinist,1,
gfb9vr,Machinist,1,
gouxs4,Machinist,1,
gofs3r,Machinist,1,
gmuen8,Machinist,1,
gpj4qp,Machinist,1,
gpks7r,Machinist,1,
gmxvks,Machinist,1,
gnlr7r,Machinist,1,
gmwulu,Machinist,1,
gpgduq,Machinist,1,
gplj9t,Machinist,1,
gnct3p,Machinist,1,
gllgzq,Machinist,1,
gow41j,Machinist,1,
gh82hm,Machinist,1,
goztp6,Machinist,1,
gpg79u,Machinist,1,
gpi3ee,Machinist,1,
gozv1z,Machinist,1,
gmww85,Machinist,1,
goamu0,Machinist,1,
gpkkf3,Machinist,1,
gpjw3z,Machinist,1,
gplkxx,Machinist,1,
gl6hxe,Machinist,1,
gphty9,Machinist,1,
goiujj,Machinist,1,
gpgilx,Machinist,1,
gpisqm,Machinist,1,
gphy0e,Machinist,1,
gony2q,Machinist,1,
gpkxl6,Machinist,1,
gpg24h,Machinist,1,
gpkp8w,Machinist,1,
gm9zq0,Machinist,1,
gokxd8,Machinist,1,
gn82c8,Machinist,1,
gnzzqk,Machinist,1,
gof176,Machinist,1,
goclmz,Machinist,1,
gpgi5f,Machinist,1,
gkxem1,Machinist,1,
gpjrkh,Machinist,1,
go4cjx,Machinist,1,
gogdsy,Machinist,1,
gov70b,Machinist,1,
gnhlpi,Machinist,1,
gozt1s,Machinist,1,
gpgv65,Machinist,1,
gn6q42,Machinist,1,
gozu96,Machinist,1,
goz0iu,Machinist,1,
go7rno,Machinist,1,
ggnpho,Machinist,1,
gopvsu,Machinist,1,
gosnyz,Machinist,1,
gogj8v,Machinist,1,
gnkbyp,Machinist,1,
gnldk2,Machinist,1,
gpijq0,Machinist,1,
gpgdk5,Machinist,1,
gl8w97,Machinist,1,
gkwa4w,Machinist,1,
gm9azu,Machinist,1,
gncr53,Machinist,1,
goad7o,Machinist,1,
gn30vu,Machinist,1,
gnhgux,Machinist,1,
goon98,Machinist,1,
glm0tn,Machinist,1,
gozuz5,Machinist,1,
gph0bz,Machinist,1,
gpghpb,Machinist,1,
gpjoxz,Machinist,1,
gpjn14,Machinist,1,
gpjw74,Machinist,1,
gpg70z,Machinist,1,
gpi88u,Machinist,1,
gov2rd,Machinist,1,
gk3odi,Machinist,1,
gl1d2g,Machinist,1,
gknan8,Machinist,1,
goppiw,Machinist,1,
gob657,Machinist,1,
gph2kc,Machinist,1,
gm887s,Machinist,1,
gosgjq,Machinist,1,
gnohq0,Machinist,1,
glnrkg,Machinist,1,
gnx7fc,Machinist,1,
gmdm9h,Machinist,1,
gno8h3,Machinist,1,
goouvn,Machinist,1,
gnsjtl,Machinist,1,
gnsppt,Machinist,1,
gmtz3u,Machinist,1,
goxt7l,Machinist,1,
gpibf2,Machinist,1,
gpi71k,Machinist,1,
gnuf9c,Machinist,1,
gpor7h,Machinist,1,
gph6uv,Machinist,1,
gpgclu,Machinist,1,
gkym67,Machinist,1,
goz0iw,Machinist,1,
gnssx1,Machinist,1,
gmxt6k,Machinist,1,
gkndjh,Machinist,1,
gopogg,Machinist,1,
gm89g7,Machinist,1,
gpi5h4,Machinist,1,
gm88g1,Machinist,1,
gny62f,Machinist,1,
gpgb9e,Machinist,1,
gl61qi,Machinist,1,
gm88vv,Machinist,1,
go7z8y,Machinist,1,
f9zx2t,Machinist,1,
gmwuw0,Machinist,1,
gm8992,Machinist,1,
go7bbz,Machinist,1,
gn2b8o,Machinist,1,
gpnh1l,Machinist,1,
goeyam,Machinist,1,
gn6vpb,Machinist,1,
gncu1h,Machinist,1,
gncyra,Machinist,1,
gooj5c,Machinist,1,
ggnp8m,Machinist,1,
gpikyd,Machinist,1,
gnfoz4,Machinist,1,
gnyk17,Machinist,1,
gpgjzi,Machinist,1,
gnt6bf,Machinist,1,
gly5qr,Machinist,1,
gm87ah,Machinist,1,
goit1r,Machinist,1,
gphh16,Machinist,1,
goitx7,Machinist,1,
go6mn4,Machinist,1,
gno6qz,Machinist,1,
gosrwd,Machinist,1,
gph0qe,Machinist,1,
gmuenv,Machinist,1,
f9pqbn,Machinist,1,
gk96zp,Machinist,1,
gnnlg0,Machinist,1,
goqk8i,Machinist,1,
gn0jjl,Machinist,1,
gl6evg,Machinist,1,
goulvr,Machinist,1,
goewcw,Machinist,1,
gjx87r,Machinist,1,
goip9l,Machinist,1,
goztut,Machinist,1,
gov0a6,Machinist,1,
gkhzvw,Machinist,1,
gl6ehz,Machinist,1,
gmwucy,Machinist,1,
gookiq,Machinist,1,
go6mgg,Machinist,1,
gnn0di,Machinist,1,
goqks2,Machinist,1,
gnlnie,Machinist,1,
gpgtai,Machinist,1,
gnk07i,Machinist,1,
gn6q1v,Machinist,1,
gkoe4l,Machinist,1,
gnhmrr,Machinist,1,
gizoay,Machinist,1,
gm42ep,Machinist,1,
gkqcfc,Machinist,1,
gpjsk5,Machinist,1,
gpglfe,Machinist,1,
gofck8,Machinist,1,
gj6vbe,Machinist,1,
gl1fsv,Machinist,1,
gnct3s,Machinist,1,
go7rk7,Machinist,1,
gctruz,Machinist,1,
gly7fl,Machinist,1,
gpplnz,Machinist,1,
gm9awp,Machinist,1,
glyjcy,Machinist,1,
gnpayt,Machinist,1,
gm1k44,Machinist,1,
gnamom,Machinist,1,
gn0qfv,Machinist,1,
gm6pv4,Machinist,1,
gm6vgq,Machinist,1,
gnp6b8,Machinist,1,
gdum2y,Machinist,1,
gotyz7,Machinist,1,
gm4txq,Machinist,1,
gkgnpe,Machinist,1,
gotkcx,Machinist,1,
gozwuf,Machinist,1,
gmxtwm,Machinist,1,
goqflm,Machinist,1,
glywsn,Machinist,1,
gm9a03,Machinist,1,
gl61fv,Machinist,1,
gnno7m,Machinist,1,
gn6uz6,Machinist,1,
gn3sbk,Machinist,1,
gnnw6v,Machinist,1,
goxs0y,Machinist,1,
gofmok,Machinist,1,
gnkwee,Machinist,1,
gm7wmv,Machinist,1,
gn9fvg,Machinist,1,
glzfyk,Machinist,1,
gm7jtc,Machinist,1,
gpmp0u,Machinist,1,
ghww5m,Machinist,1,
gm63wx,Machinist,1,
gkybgx,Machinist,1,
gn3jco,Machinist,1,
gm4ldu,Machinist,1,
gn165u,Machinist,1,
gofc3w,Machinist,1,
goguaf,Machinist,1,
gm7igv,Machinist,1,
go7dq8,Machinist,1,
go6olt,Machinist,1,
gi9l6j,Machinist,1,
gl6h28,Machinist,1,
glywi0,Machinist,1,
gl6b9o,Machinist,1,
gjaxzu,Machinist,1,
gjrmfg,Machinist,1,
gor6wg,Machinist,1,
gnpoc5,Machinist,1,
gkcpoi,Machinist,1,
gmu6uc,Machinist,1,
gl677s,Machinist,1,
gn1pd2,Machinist,1,
gnxxdj,Machinist,1,
gjxkq4,Machinist,1,
goojyg,Machinist,1,
f9pukh,Machinist,1,
glidrt,Machinist,1,
gkyjga,Machinist,1,
gnud8m,Machinist,1,
glywdb,Machinist,1,
ghpef3,Machinist,1,
gg54zq,Machinist,1,
gnh2r4,Machinist,1,
gnnwbs,Machinist,1,
gioahk,Machinist,1,
gkaikd,Machinist,1,
gnixmb,Machinist,1,
gnlku5,Machinist,1,
f9psen,Machinist,1,
gmv386,Machinist,1,
gnxn72,Machinist,1,
gd5w2i,Machinist,1,
gkl8ck,Machinist,1,
giab1r,Machinist,1,
gf985g,Machinist,1,
gkm23g,Machinist,1,
gloceo,Machinist,1,
gn8u8z,Machinist,1,
gk5zst,Machinist,1,
gkxepo,Machinist,1,
ggorzz,Machinist,1,
gmc5ud,Machinist,1,
gmuees,Machinist,1,
gkh6vg,Machinist,1,
gloc15,Machinist,1,
gnufga,Machinist,1,
gpmgu1,Machinist,1,
gng8je,Machinist,1,
goivck,Machinist,1,
gnhjl1,Machinist,1,
gkq5ur,Machinist,1,
gouu3h,Machinist,1,
gmvcec,Machinist,1,
gmw4e8,Machinist,1,
f9pz2c,Machinist,1,
gmtx91,Machinist,1,
gk98ez,Machinist,1,
gkca3a,Machinist,1,
gmvc90,Machinist,1,
gniqlg,Machinist,1,
gn5061,Machinist,1,
gn3ou2,Machinist,1,
ghpfzv,Machinist,1,
gjtgeg,Machinist,1,
gmdpa2,Machinist,1,
gjrme7,Machinist,1,
gkxytu,Machinist,1,
gk8kzj,Machinist,1,
gl8bwd,Machinist,1,
gi99c7,Machinist,1,
gmej7b,Machinist,1,
gl76lq,Machinist,1,
gl7z5b,Machinist,1,
gl706d,Machinist,1,
gl7wz8,Machinist,1,
gl7vxm,Machinist,1,
gl7snq,Machinist,1,
gl7prz,Machinist,1,
gl668z,Machinist,1,
gkjsdd,Machinist,1,
gl7jt3,Machinist,1,
ghfxfk,Machinist,1,
glocm6,Machinist,1,
gj6uqo,Machinist,1,
gjtfct,Machinist,1,
gl6dok,Machinist,1,
gfcreb,Machinist,1,
gl7ges,Machinist,1,
gho5jl,Machinist,1,
gknhgx,Machinist,1,
gn8u4t,Machinist,1,
gl78d2,Machinist,1,
gl79e7,Machinist,1,
gl76eb,Machinist,1,
gl706c,Machinist,1,
gl7gw8,Machinist,1,
gl7e7t,Machinist,1,
glos78,Machinist,1,
gjv70g,Machinist,1,
gnu61f,Machinist,1,
gkxd4x,Machinist,1,
gjguvw,Machinist,1,
gnucsb,Machinist,1,
goe69s,Machinist,1,
glooms,Machinist,1,
gew67g,Machinist,1,
gewtck,Machinist,1,
giabyg,Machinist,1,
giaecz,Machinist,1,
gg0bo2,Machinist,1,
glm0uj,Machinist,1,
gly4s3,Machinist,1,
gl8jdr,Machinist,1,
gl8jr0,Machinist,1,
gl721q,Machinist,1,
gl73co,Machinist,1,
gl7rus,Machinist,1,
gl7pxw,Machinist,1,
gl7ce1,Machinist,1,
gjkvlu,Machinist,1,
gnoqyo,Machinist,1,
gmu3kk,Machinist,1,
gmviu6,Machinist,1,
gl7utt,Machinist,1,
gl721s,Machinist,1,
gk4ysc,Machinist,1,
gjte14,Machinist,1,
gkh7i7,Machinist,1,
gjtff2,Machinist,1,
gm143m,Machinist,1,
gkm7eg,Machinist,1,
gm1k2h,Machinist,1,
gkx9so,Machinist,1,
gmvzyd,Machinist,1,
gnt1ch,Machinist,1,
gj8wk2,Machinist,1,
gg5oux,Machinist,1,
ggyar3,Machinist,1,
gkm1x4,Machinist,1,
gk9813,Machinist,1,
gl78d5,Machinist,1,
gkniaf,Machinist,1,
ggxuu2,Machinist,1,
giacdb,Machinist,1,
ggisqs,Machinist,1,
gf6rji,Machinist,1,
gjg6l6,Machinist,1,
gl8bwb,Machinist,1,
gl8dox,Machinist,1,
gl721r,Machinist,1,
gl7wz6,Machinist,1,
gl7sc1,Machinist,1,
ghjfe6,Machinist,1,
gl7z49,Machinist,1,
gjfbkv,Machinist,1,
gnx55a,Machinist,1,
gm1lzb,Machinist,1,
gm1u4j,Machinist,1,
gl7ckt,Machinist,1,
gd5wfw,Machinist,1,
gk5xtl,Machinist,1,
giacj2,Machinist,1,
globtw,Machinist,1,
gikt7y,Machinist,1,
giklsm,Machinist,1,
gl7udi,Machinist,1,
gh81j0,Machinist,1,
gjl3tz,Machinist,1,
gj9thm,Machinist,1,
gnop3s,Machinist,1,
go8985,Machinist,1,
glouxz,Machinist,1,
ggnpy2,Machinist,1,
gf9ppo,Machinist,1,
gj7mjw,Machinist,1,
gh36x3,Machinist,1,
gpot3h,Machinist,1,
ggxxrq,Machinist,1,
glodt5,Machinist,1,
ghis44,Machinist,1,
gjtghe,Machinist,1,
glowxf,Machinist,1,
gmsxxk,Machinist,1,
gczadn,Machinist,1,
gj9mtd,Machinist,1,
ges1ed,Machinist,1,
glowd8,Machinist,1,
go539w,Machinist,1,
gloq6c,Machinist,1,
god4f0,Machinist,1,
ggf76b,Machinist,1,
gfx1l2,Machinist,1,
gh06dm,Machinist,1,
gh82nz,Machinist,1,
gkmy96,Machinist,1,
ghv1ob,Machinist,1,
gjuvit,Machinist,1,
gjvw2h,Machinist,1,
gh25do,Machinist,1,
gg5bc1,Machinist,1,
gji1j3,Machinist,1,
ghivm4,Machinist,1,
gdadvm,Machinist,1,
gdl4km,Machinist,1,
ge3jyn,Machinist,1,
gkrpsx,Machinist,1,
gfb463,Machinist,1,
gjuvfc,Machinist,1,
gpbg3d,Machinist,1,
gikjjr,Machinist,1,
gjl4zv,Machinist,1,
glw4e5,Machine Operator,1,
gmi2as,Machine Operator,1,
gjxfnm,Machine Operator,1,
gjxefy,Machine Operator,1,
glzvp5,Machine Operator,1,
goen4h,Machine Operator,1,
goem9m,Machine Operator,1,
gnamr5,Machine Operator,1,
gm9z1g,Machine Operator,1,
go3863,Machine Operator,1,
gk5ys3,Machine Operator,1,
goeoj1,Machine Operator,1,
go37gh,Machine Operator,1,
gmfpeb,Machine Operator,1,
ge0crm,Machine Operator,1,
gl2up5,Machine Operator,1,
gmc520,Machine Operator,1,
gobzq0,Machine Operator,1,
goxmsp,Machine Operator,1,
gnam58,Machine Operator,1,
go6k6h,Machine Operator,1,
gnp8cc,Machine Operator,1,
gikyhb,Machine Operator,1,
ggk5ey,Machine Operator,1,
gkh63w,Machine Operator,1,
gg9oec,Machine Operator,1,
gdj37u,Machine Operator,1,
ge9zt7,Machine Operator,1,
gh6mw3,Machine Operator,1,
gh53tm,Machine Operator,1,
gfr6dl,Machine Operator,1,
gmi18d,Machine Operator,1,
gde6xg,Machine Operator,1,
gmtx6o,Machine Operator,1,
go4hpl,Machine Operator,1,
go40gp,Machine Operator,1,
go2u07,Machine Operator,1,
gpfg2u,Machine Operator,1,
gmf6kx,Machine Operator,1,
gpe4vq,Machine Operator,1,
gpf3yz,Machine Operator,1,
gpfxgz,Machine Operator,1,
e7m77k,Machine Operator,1,
gdqf39,Machine Operator,1,
gphctw,Machine Operator,1,
gn808g,Machine Operator,1,
gph8xu,Machine Operator,1,
gpoj9p,Machine Operator,1,
gn2c0l,Machine Operator,1,
goal93,Machine Operator,1,
gkmxm3,Machine Operator,1,
gosg44,Machine Operator,1,
gog5lm,Machine Operator,1,
gk505e,Machine Operator,1,
gorihv,Machine Operator,1,
goi1am,Machine Operator,1,
gpoq5g,Machine Operator,1,
gof6xc,Machine Operator,1,
gplv9w,Machine Operator,1,
giafh5,Machine Operator,1,
gpoywc,Machine Operator,1,
gplmtz,Machine Operator,1,
goonmv,Machine Operator,1,
gns0wd,Machine Operator,1,
gpk483,Machine Operator,1,
gox10a,Machine Operator,1,
gn2cid,Machine Operator,1,
gof63z,Machine Operator,1,
go382t,Machine Operator,1,
gmufze,Machine Operator,1,
gpo3c0,Machine Operator,1,
gpe62y,Machine Operator,1,
gox15k,Machine Operator,1,
gpe5a0,Machine Operator,1,
gpht7l,Machine Operator,1,
gozwrz,Machine Operator,1,
go4ckd,Machine Operator,1,
gpos40,Machine Operator,1,
go3864,Machine Operator,1,
goyw2y,Machine Operator,1,
goovv6,Machine Operator,1,
goihdd,Machine Operator,1,
gm878z,Machine Operator,1,
gm6nfd,Machine Operator,1,
goj8re,Machine Operator,1,
gof200,Machine Operator,1,
gopf5e,Machine Operator,1,
gpiw16,Machine Operator,1,
gpfnzm,Machine Operator,1,
gox7dh,Machine Operator,1,
gpqce4,Machine Operator,1,
gnxome,Machine Operator,1,
go4btl,Machine Operator,1,
gpo093,Machine Operator,1,
gpo6ak,Machine Operator,1,
gososq,Machine Operator,1,
gk6e3a,Machine Operator,1,
gocczn,Machine Operator,1,
gpqdpd,Machine Operator,1,
gpp8iu,Machine Operator,1,
goycst,Machine Operator,1,
gopfkq,Machine Operator,1,
go38l6,Machine Operator,1,
gopd5m,Machine Operator,1,
gf38oh,Machine Operator,1,
gpf3hm,Machine Operator,1,
goj8co,Machine Operator,1,
gns4in,Machine Operator,1,
gpirzz,Machine Operator,1,
gpfxtc,Machine Operator,1,
govvjr,Machine Operator,1,
gn7jz9,Machine Operator,1,
gnl1y5,Machine Operator,1,
gpfkda,Machine Operator,1,
gn3x54,Machine Operator,1,
gogm8f,Machine Operator,1,
gopwq5,Machine Operator,1,
go410k,Machine Operator,1,
gpfxhb,Machine Operator,1,
gpm23n,Machine Operator,1,
goztqa,Machine Operator,1,
goyh8u,Machine Operator,1,
go4t6u,Machine Operator,1,
gpogtd,Machine Operator,1,
goin50,Machine Operator,1,
gok7el,Machine Operator,1,
gns4kn,Machine Operator,1,
goxy8q,Machine Operator,1,
gn7jw3,Machine Operator,1,
gponub,Machine Operator,1,
gozr6i,Machine Operator,1,
gpoxxm,Machine Operator,1,
go35jf,Machine Operator,1,
go5uky,Machine Operator,1,
gonwho,Machine Operator,1,
goonyb,Machine Operator,1,
go5dfw,Machine Operator,1,
gozz7b,Machine Operator,1,
gnha42,Machine Operator,1,
gplkfp,Machine Operator,1,
gozueu,Machine Operator,1,
gnpanr,Machine Operator,1,
gnfk3t,Machine Operator,1,
gozx8l,Machine Operator,1,
gobuk8,Machine Operator,1,
gpfw4s,Machine Operator,1,
go7c0k,Machine Operator,1,
gpfx78,Machine Operator,1,
gozykx,Machine Operator,1,
go7ei0,Machine Operator,1,
gpj2xr,Machine Operator,1,
gn7k87,Machine Operator,1,
go7fqo,Machine Operator,1,
goldr7,Machine Operator,1,
go0k02,Machine Operator,1,
go4usd,Machine Operator,1,
go68li,Machine Operator,1,
gn2cii,Machine Operator,1,
gplkcc,Machine Operator,1,
goycsz,Machine Operator,1,
gnj08e,Machine Operator,1,
gpfvf3,Machine Operator,1,
gm9094,Machine Operator,1,
gmxugu,Machine Operator,1,
gou457,Machine Operator,1,
gn8znu,Machine Operator,1,
gnyi1s,Machine Operator,1,
gpfx23,Machine Operator,1,
gplvrk,Machine Operator,1,
gpnphr,Machine Operator,1,
gmw9i4,Machine Operator,1,
gpqasu,Machine Operator,1,
gov927,Machine Operator,1,
gmt6wx,Machine Operator,1,
gpmzqp,Machine Operator,1,
gpe4t3,Machine Operator,1,
go0zet,Machine Operator,1,
go4c8l,Machine Operator,1,
goycra,Machine Operator,1,
go8bb5,Machine Operator,1,
gpj877,Machine Operator,1,
goo2ym,Machine Operator,1,
gpnchw,Machine Operator,1,
gppk89,Machine Operator,1,
gpo3wk,Machine Operator,1,
goypp7,Machine Operator,1,
gpm7d1,Machine Operator,1,
gopxwt,Machine Operator,1,
gna89c,Machine Operator,1,
go7exl,Machine Operator,1,
goldw0,Machine Operator,1,
goolcx,Machine Operator,1,
gnfeb7,Machine Operator,1,
gnzz4c,Machine Operator,1,
gpmvtt,Machine Operator,1,
gpmg5a,Machine Operator,1,
goo2wh,Machine Operator,1,
gpmglh,Machine Operator,1,
gpo9re,Machine Operator,1,
go4a4r,Machine Operator,1,
gon1ul,Machine Operator,1,
girug5,Machine Operator,1,
gofxyp,Machine Operator,1,
gn7liy,Machine Operator,1,
go68lg,Machine Operator,1,
gnycpl,Machine Operator,1,
gopfay,Machine Operator,1,
gohqwj,Machine Operator,1,
giabnl,Machine Operator,1,
gpp6bp,Machine Operator,1,
gpp78l,Machine Operator,1,
go8bu4,Machine Operator,1,
gmcoqg,Machine Operator,1,
gnylfg,Machine Operator,1,
go2z2s,Machine Operator,1,
goyaza,Machine Operator,1,
gox4g0,Machine Operator,1,
gn4z4r,Machine Operator,1,
gppkh0,Machine Operator,1,
goin7v,Machine Operator,1,
gnhjkc,Machine Operator,1,
gpo0pe,Machine Operator,1,
gpoqyt,Machine Operator,1,
gpe4ve,Machine Operator,1,
go3pkl,Machine Operator,1,
go69ya,Machine Operator,1,
gns4k4,Machine Operator,1,
gm8dwi,Machine Operator,1,
go4qvt,Machine Operator,1,
gow658,Machine Operator,1,
go68kq,Machine Operator,1,
goohm8,Machine Operator,1,
go4tim,Machine Operator,1,
gnfe06,Machine Operator,1,
gppqy8,Machine Operator,1,
gl4yem,Machine Operator,1,
go7ffx,Machine Operator,1,
gplm9h,Machine Operator,1,
gob19r,Machine Operator,1,
gpm8xc,Machine Operator,1,
gnfe07,Machine Operator,1,
go37g9,Machine Operator,1,
goik3l,Machine Operator,1,
gppndl,Machine Operator,1,
gpllpx,Machine Operator,1,
go39q7,Machine Operator,1,
gpoq13,Machine Operator,1,
go8ecj,Machine Operator,1,
gpmqyg,Machine Operator,1,
gnxscy,Machine Operator,1,
gpl0u6,Machine Operator,1,
go1xlh,Machine Operator,1,
gpovzj,Machine Operator,1,
gn64lh,Machine Operator,1,
gohs2q,Machine Operator,1,
go64gv,Machine Operator,1,
gpprnh,Machine Operator,1,
gozk0t,Machine Operator,1,
gpnltm,Machine Operator,1,
gpphpv,Machine Operator,1,
gplvpn,Machine Operator,1,
gofqy6,Machine Operator,1,
gofvd2,Machine Operator,1,
go6i9h,Machine Operator,1,
gojz93,Machine Operator,1,
go4akd,Machine Operator,1,
goipjv,Machine Operator,1,
go27zg,Machine Operator,1,
gog0yx,Machine Operator,1,
gohnzc,Machine Operator,1,
gn8k13,Machine Operator,1,
gn6s3c,Machine Operator,1,
goycuw,Machine Operator,1,
goop62,Machine Operator,1,
gno8h0,Machine Operator,1,
gofvfn,Machine Operator,1,
gmmptc,Machine Operator,1,
goi4bl,Machine Operator,1,
ges049,Machine Operator,1,
golcz1,Machine Operator,1,
gogctx,Machine Operator,1,
go3kkc,Machine Operator,1,
gpog57,Machine Operator,1,
gooz80,Machine Operator,1,
gn83si,Machine Operator,1,
gods6b,Machine Operator,1,
gn99nv,Machine Operator,1,
gns4kh,Machine Operator,1,
gnpdai,Machine Operator,1,
gmmprz,Machine Operator,1,
go64p7,Machine Operator,1,
gpmfng,Machine Operator,1,
gogulp,Machine Operator,1,
gofq7a,Machine Operator,1,
go4v9j,Machine Operator,1,
gpm973,Machine Operator,1,
glmzxa,Machine Operator,1,
go3kog,Machine Operator,1,
gpgo5g,Machine Operator,1,
go28li,Machine Operator,1,
gneldy,Machine Operator,1,
go6iyh,Machine Operator,1,
gpowov,Machine Operator,1,
f8fti3,Machine Operator,1,
gpmnjt,Machine Operator,1,
gnytp2,Machine Operator,1,
go4rza,Machine Operator,1,
goijya,Machine Operator,1,
gpkhp1,Machine Operator,1,
go79tp,Machine Operator,1,
go6lnb,Machine Operator,1,
glmqud,Machine Operator,1,
go4utw,Machine Operator,1,
gpo405,Machine Operator,1,
gn6amo,Machine Operator,1,
go6jev,Machine Operator,1,
go7exu,Machine Operator,1,
gmue4l,Machine Operator,1,
gnp4fy,Machine Operator,1,
gns4jg,Machine Operator,1,
gnxwq0,Machine Operator,1,
gnqad1,Machine Operator,1,
gpnb1r,Machine Operator,1,
gpfekq,Machine Operator,1,
gofroe,Machine Operator,1,
go8dov,Machine Operator,1,
gn2c0m,Machine Operator,1,
gnu8i4,Machine Operator,1,
gpo0zg,Machine Operator,1,
gpng0d,Machine Operator,1,
gpo6ji,Machine Operator,1,
gow1wh,Machine Operator,1,
goxs18,Machine Operator,1,
gpoy9w,Machine Operator,1,
gk56h1,Machine Operator,1,
gpplq3,Machine Operator,1,
f89ua4,Machine Operator,1,
gn7jzv,Machine Operator,1,
gnehd8,Machine Operator,1,
gpmi9o,Machine Operator,1,
gof2x3,Machine Operator,1,
gnpp6q,Machine Operator,1,
gpovp7,Machine Operator,1,
gnr8qx,Machine Operator,1,
gpfgks,Machine Operator,1,
gmufay,Machine Operator,1,
gnpnzd,Machine Operator,1,
gopod4,Machine Operator,1,
gopoz0,Machine Operator,1,
gpo4p2,Machine Operator,1,
got8q0,Machine Operator,1,
goin5y,Machine Operator,1,
gpnaru,Machine Operator,1,
goo0aq,Machine Operator,1,
gn7jvx,Machine Operator,1,
go0lcw,Machine Operator,1,
gpm1af,Machine Operator,1,
gpi6gm,Machine Operator,1,
gn5aml,Machine Operator,1,
ghi1i9,Machine Operator,1,
go5g7d,Machine Operator,1,
gns4k7,Machine Operator,1,
go4a5u,Machine Operator,1,
glyhla,Machine Operator,1,
goc038,Machine Operator,1,
gnl69s,Machine Operator,1,
gowbe7,Machine Operator,1,
goj71g,Machine Operator,1,
gppb39,Machine Operator,1,
go0kis,Machine Operator,1,
glmqve,Machine Operator,1,
go6i9m,Machine Operator,1,
go34d8,Machine Operator,1,
go4gvm,Machine Operator,1,
go4rw6,Machine Operator,1,
go4s6w,Machine Operator,1,
gplk4t,Machine Operator,1,
gl65gd,Machine Operator,1,
gozze0,Machine Operator,1,
gmt8mh,Machine Operator,1,
goofsa,Machine Operator,1,
goi3lh,Machine Operator,1,
gpi5vb,Machine Operator,1,
gn7jxw,Machine Operator,1,
gn6ue5,Machine Operator,1,
gnjj6l,Machine Operator,1,
goyrvu,Machine Operator,1,
gouotj,Machine Operator,1,
gn7hjh,Machine Operator,1,
gpnlfe,Machine Operator,1,
gk40tt,Machine Operator,1,
gotb14,Machine Operator,1,
goi3cs,Machine Operator,1,
gpouc4,Machine Operator,1,
gofub2,Machine Operator,1,
gmwt19,Machine Operator,1,
go5fai,Machine Operator,1,
gohatb,Machine Operator,1,
gpi92q,Machine Operator,1,
go4y9d,Machine Operator,1,
goipmt,Machine Operator,1,
goi26l,Machine Operator,1,
gofsnr,Machine Operator,1,
goiwak,Machine Operator,1,
gpnvgu,Machine Operator,1,
goolu5,Machine Operator,1,
gnxvws,Machine Operator,1,
gmewth,Machine Operator,1,
gpo6h8,Machine Operator,1,
goin7b,Machine Operator,1,
gpmv03,Machine Operator,1,
gf99lp,Machine Operator,1,
gnmdg8,Machine Operator,1,
gm5dyd,Machine Operator,1,
go68u6,Machine Operator,1,
gou7l6,Machine Operator,1,
gob2bc,Machine Operator,1,
gnypx8,Machine Operator,1,
gplxqc,Machine Operator,1,
gpge18,Machine Operator,1,
gpi2v3,Machine Operator,1,
gncsju,Machine Operator,1,
gn6emd,Machine Operator,1,
go7m5h,Machine Operator,1,
gpoqy2,Machine Operator,1,
gknwrm,Machine Operator,1,
goi49e,Machine Operator,1,
gnhr6v,Machine Operator,1,
go6kd6,Machine Operator,1,
gpnr9y,Machine Operator,1,
goyts5,Machine Operator,1,
gpotk3,Machine Operator,1,
gogasr,Machine Operator,1,
gl4ydv,Machine Operator,1,
gkx0z5,Machine Operator,1,
gpppya,Machine Operator,1,
gpoyry,Machine Operator,1,
gns4jp,Machine Operator,1,
gozu8r,Machine Operator,1,
gov1j8,Machine Operator,1,
gnpdiv,Machine Operator,1,
gknxll,Machine Operator,1,
gm17ji,Machine Operator,1,
gnywum,Machine Operator,1,
gnjqlr,Machine Operator,1,
gojz9v,Machine Operator,1,
gpj5xz,Machine Operator,1,
gm88x3,Machine Operator,1,
gmn46m,Machine Operator,1,
gpnko3,Machine Operator,1,
gnd44w,Machine Operator,1,
gol5mo,Machine Operator,1,
gpmw18,Machine Operator,1,
gplj63,Machine Operator,1,
gnretw,Machine Operator,1,
go39ke,Machine Operator,1,
gpmvzp,Machine Operator,1,
gk8ru0,Machine Operator,1,
gob18i,Machine Operator,1,
go5aiv,Machine Operator,1,
goi3cv,Machine Operator,1,
gplka5,Machine Operator,1,
gmwwxd,Machine Operator,1,
gnz11m,Machine Operator,1,
go5duk,Machine Operator,1,
gpjc25,Machine Operator,1,
gporgl,Machine Operator,1,
gpmrdd,Machine Operator,1,
go4bri,Machine Operator,1,
gnxnei,Machine Operator,1,
gmxbhi,Machine Operator,1,
gozu6d,Machine Operator,1,
goie85,Machine Operator,1,
gpllkd,Machine Operator,1,
gpjnxo,Machine Operator,1,
gnhcfq,Machine Operator,1,
go4ryr,Machine Operator,1,
go7rvt,Machine Operator,1,
gpo51g,Machine Operator,1,
gpo6n3,Machine Operator,1,
go6f32,Machine Operator,1,
gn6c20,Machine Operator,1,
gpnnx5,Machine Operator,1,
gneigi,Machine Operator,1,
gpkcts,Machine Operator,1,
go6k6x,Machine Operator,1,
gppc7b,Machine Operator,1,
gnjlup,Machine Operator,1,
gpllfx,Machine Operator,1,
gn6xfm,Machine Operator,1,
gpndpe,Machine Operator,1,
gnznz4,Machine Operator,1,
ghc0uk,Machine Operator,1,
gncr6l,Machine Operator,1,
go39eo,Machine Operator,1,
gpo647,Machine Operator,1,
goxsq9,Machine Operator,1,
goons9,Machine Operator,1,
gn236b,Machine Operator,1,
gocmh0,Machine Operator,1,
gor88b,Software Engineer,1,
gkwx79,Software Engineer,1,
go45ys,Software Engineer,1,
gknfd3,Software Engineer,1,
gpmb1k,Software Engineer,1,
gpoq0l,Software Engineer,1,
gpjadl,Software Engineer,1,
gppq4b,Software Engineer,1,
glzosu,Software Engineer,1,
gou2w9,Software Engineer,1,
gplbj5,Software Engineer,1,
gn7hnr,Software Engineer,1,
gnj796,Software Engineer,1,
glzm58,Software Engineer,1,
gkem8a,Software Engineer,1,
goyb0v,Software Engineer,1,
gmltne,Software Engineer,1,
gou0ez,Software Engineer,1,
gnkzt9,Software Engineer,1,
gn61p7,Software Engineer,1,
go38jd,Software Engineer,1,
gn2pv5,Software Engineer,1,
gjrm0u,Software Engineer,1,
goloya,Software Engineer,1,
gnjerg,Software Engineer,1,
gnczwz,Software Engineer,1,
glmeqf,Software Engineer,1,
goxq8p,Software Engineer,1,
gpjfm7,Software Engineer,1,
gpqdb0,Software Engineer,1,
gpltxe,Software Engineer,1,
goobc9,Software Engineer,1,
gpf9if,Software Engineer,1,
goqdrn,Software Engineer,1,
gortx5,Software Engineer,1,
gfokwx,Software Engineer,1,
goz3ei,Software Engineer,1,
gnlvmz,Software Engineer,1,
gppq8b,Software Engineer,1,
gdfq1a,Software Engineer,1,
gg163c,Software Engineer,1,
gm40wu,Software Engineer,1,
goonvl,Software Engineer,1,
gn4a52,Software Engineer,1,
goiycl,Software Engineer,1,
gndr1p,Software Engineer,1,
gndood,Software Engineer,1,
gnr0a5,Software Engineer,1,
gphlmd,Software Engineer,1,
glg5u7,Software Engineer,1,
gikh72,Software Engineer,1,
go4l2h,Software Engineer,1,
glyboh,Software Engineer,1,
goj0kp,Software Engineer,1,
gphhbi,Software Engineer,1,
goxatd,Software Engineer,1,
gi14ay,Software Engineer,1,
gmu2dl,Software Engineer,1,
gndqzb,Software Engineer,1,
gpla34,Software Engineer,1,
gow61c,Software Engineer,1,
got9zy,Software Engineer,1,
gh1b1y,Software Engineer,1,
gn0l98,Software Engineer,1,
gmxbmo,Software Engineer,1,
gnxto4,Software Engineer,1,
gow11d,Software Engineer,1,
gj2f5l,Software Engineer,1,
gmcuzr,Software Engineer,1,
gn3ihj,Software Engineer,1,
gn56w8,Software Engineer,1,
gn1qio,Software Engineer,1,
gosdlv,Software Engineer,1,
gn4zkq,Software Engineer,1,
goz2sk,Software Engineer,1,
gouj8z,Software Engineer,1,
gkq5r3,Software Engineer,1,
gpg9it,Software Engineer,1,
gl0cnl,Software Engineer,1,
gljwkm,Software Engineer,1,
go6l97,Software Engineer,1,
gnydex,Software Engineer,1,
f6qe6k,Software Engineer,1,
go7oft,Software Engineer,1,
geqw5n,Software Engineer,1,
glxx5j,Software Engineer,1,
gmncsk,Software Engineer,1,
gi9w4m,Software Engineer,1,
gksezx,Software Engineer,1,
gf9ya3,Software Engineer,1,
gppq8d,Software Engineer,1,
gnkqcv,Software Engineer,1,
gn5d81,Software Engineer,1,
gh9dkb,Software Engineer,1,
gk5b03,Software Engineer,1,
gowd3k,Software Engineer,1,
gpggr9,Software Engineer,1,
gnnfti,Software Engineer,1,
goth5l,Software Engineer,1,
gjsut5,Software Engineer,1,
gn0h99,Software Engineer,1,
gj9p4n,Software Engineer,1,
ghos73,Software Engineer,1,
gihuqy,Software Engineer,1,
gn2d4i,Software Engineer,1,
gouuu4,Software Engineer,1,
glmjcu,Software Engineer,1,
gn4a7n,Software Engineer,1,
go0m8f,Software Engineer,1,
gjrm0s,Software Engineer,1,
gok02b,Software Engineer,1,
goch3f,Software Engineer,1,
gohf8u,Software Engineer,1,
gn5wu2,Software Engineer,1,
ghjruf,Software Engineer,1,
gm16x7,Software Engineer,1,
gj6g1x,Software Engineer,1,
gofd6a,Software Engineer,1,
gnxm4p,Software Engineer,1,
go41mc,Software Engineer,1,
gi55w1,Software Engineer,1,
gfpo33,Software Engineer,1,
gn43x7,Software Engineer,1,
ge3pxv,Software Engineer,1,
gnbbku,Software Engineer,1,
gh251g,Software Engineer,1,
god16o,Software Engineer,1,
go7qky,Software Engineer,1,
girdha,Software Engineer,1,
gocf51,Software Engineer,1,
gf3w8l,Software Engineer,1,
ge5fxr,Software Engineer,1,
gglic1,Software Engineer,1,
goc17r,Software Engineer,1,
gj6een,Software Engineer,1,
gpgfir,Software Engineer,1,
gn83n5,Software Engineer,1,
glnhnl,Software Engineer,1,
glj7do,Software Engineer,1,
gh855k,Software Engineer,1,
go7yfi,Software Engineer,1,
gntz0l,Software Engineer,1,
gh1crf,Software Engineer,1,
gljwkn,Software Engineer,1,
gns33l,Software Engineer,1,
gog0et,Software Engineer,1,
gihwc3,Software Engineer,1,
gofeyg,Software Engineer,1,
gi8j7b,Software Engineer,1,
gkla55,Software Engineer,1,
gnvdku,Software Engineer,1,
gjrm0q,Software Engineer,1,
go4jq9,Software Engineer,1,
gg41h2,Software Engineer,1,
goobm0,Software Engineer,1,
gl97x4,Software Engineer,1,
gooz60,Software Engineer,1,
gkjyvc,Software Engineer,1,
go2vme,Software Engineer,1,
gk9ug4,Software Engineer,1,
gi5xua,Software Engineer,1,
goob8v,Software Engineer,1,
gf38os,Software Engineer,1,
gntui3,Software Engineer,1,
gmf7wq,Software Engineer,1,
gof7zv,Software Engineer,1,
gn1a59,Software Engineer,1,
gi5lzi,Software Engineer,1,
gmfrbg,Software Engineer,1,
gkq5wt,Software Engineer,1,
gppjuu,Software Engineer,1,
gofiw7,Software Engineer,1,
gorg71,Software Engineer,1,
gm9abu,Software Engineer,1,
gi9zpy,Software Engineer,1,
glosjv,Software Engineer,1,
gpf82t,Software Engineer,1,
goc5ex,Software Engineer,1,
gmo1mq,Software Engineer,1,
gof46y,Software Engineer,1,
goc00e,Software Engineer,1,
gj9bab,Software Engineer,1,
gnuft3,Software Engineer,1,
girct2,Software Engineer,1,
gi8ki3,Software Engineer,1,
gkojqc,Software Engineer,1,
gh1coh,Software Engineer,1,
gocpls,Software Engineer,1,
goc5bs,Software Engineer,1,
gnl62n,Software Engineer,1,
gnr493,Software Engineer,1,
gldc3t,Software Engineer,1,
gnm7yp,Software Engineer,1,
golfa5,Software Engineer,1,
gnlec2,Software Engineer,1,
go4ilr,Software Engineer,1,
glougr,Software Engineer,1,
gde4sk,Software Engineer,1,
glzn8q,Software Engineer,1,
goreof,Software Engineer,1,
gn2pi7,Software Engineer,1,
gn4pum,Software Engineer,1,
gplkun,Software Engineer,1,
glopne,Software Engineer,1,
go43wd,Software Engineer,1,
f0g6o7,Software Engineer,1,
gftteb,Software Engineer,1,
gnnlkb,Software Engineer,1,
gihx54,Software Engineer,1,
gm1s8u,Software Engineer,1,
gof7zh,Software Engineer,1,
gf1gks,Software Engineer,1,
goobul,Software Engineer,1,
gnm60y,Software Engineer,1,
goc3ei,Software Engineer,1,
gl3u7v,Software Engineer,1,
gjr3fe,Software Engineer,1,
gocgqr,Software Engineer,1,
gmcvk5,Software Engineer,1,
gh24b6,Software Engineer,1,
gl7xks,Software Engineer,1,
gnj3lq,Software Engineer,1,
go70ar,Software Engineer,1,
gj9fvx,Software Engineer,1,
glx8nb,Software Engineer,1,
go1gys,Software Engineer,1,
gocggt,Software Engineer,1,
gi5m0e,Software Engineer,1,
gl1l58,Software Engineer,1,
gnx0gm,Software Engineer,1,
gnxz92,Software Engineer,1,
goc5oi,Software Engineer,1,
golf6j,Software Engineer,1,
gn4oe5,Software Engineer,1,
gk81iy,Software Engineer,1,
goc6dd,Software Engineer,1,
go0l9n,Software Engineer,1,
go4kwl,Software Engineer,1,
goceyg,Software Engineer,1,
ggew7i,Software Engineer,1,
gk80fb,Software Engineer,1,
gnldjx,Software Engineer,1,
gfp21w,Software Engineer,1,
gns4d6,Software Engineer,1,
go4ia5,Software Engineer,1,
gpm7l2,Software Engineer,1,
gon1i9,Software Engineer,1,
gkdkig,Software Engineer,1,
gplspy,Software Engineer,1,
glorpv,Software Engineer,1,
gooxet,Software Engineer,1,
gn83rl,Software Engineer,1,
goob1h,Software Engineer,1,
gmcu0a,Software Engineer,1,
gkemnu,Software Engineer,1,
goivva,Software Engineer,1,
go48uz,Software Engineer,1,
gnlbj6,Software Engineer,1,
goi6u0,Software Engineer,1,
gdqde1,Software Engineer,1,
gdqfv9,Software Engineer,1,
gpolbn,Software Engineer,1,
gnlgk4,Software Engineer,1,
gfpvet,Software Engineer,1,
gpickk,Software Engineer,1,
gocfjy,Software Engineer,1,
ggernl,Software Engineer,1,
gh9dph,Software Engineer,1,
gooce1,Software Engineer,1,
goinec,Software Engineer,1,
gfqvbf,Software Engineer,1,
gnv16o,Software Engineer,1,
gl55fa,Software Engineer,1,
gpmmej,Software Engineer,1,
gjg4iy,Software Engineer,1,
gfqa70,Software Engineer,1,
glx94o,Software Engineer,1,
gnxyln,Software Engineer,1,
gl5fr0,Software Engineer,1,
glw6mn,Software Engineer,1,
gn7gjg,Software Engineer,1,
golrqr,Software Engineer,1,
geonqf,Software Engineer,1,
goobfw,Software Engineer,1,
gk9th8,Software Engineer,1,
gohfca,Software Engineer,1,
go2xyt,Software Engineer,1,
gk9ts0,Software Engineer,1,
gn5fiv,Software Engineer,1,
gk818p,Software Engineer,1,
goobc2,Software Engineer,1,
go41ia,Software Engineer,1,
gochjk,Software Engineer,1,
gjl0gj,Software Engineer,1,
goce67,Software Engineer,1,
gmf1le,Software Engineer,1,
gpp7lq,Software Engineer,1,
f6pprv,Software Engineer,1,
gk9ual,Software Engineer,1,
gmdqia,Software Engineer,1,
gfsbvv,Software Engineer,1,
gfw50z,Software Engineer,1,
ggeq1v,Software Engineer,1,
gm5ajv,Software Engineer,1,
gphutd,Software Engineer,1,
gpe7gm,Software Engineer,1,
gppj54,Software Engineer,1,
goob9h,Software Engineer,1,
gk3759,Software Engineer,1,
go29mp,Software Engineer,1,
goc30j,Software Engineer,1,
gldbfr,Software Engineer,1,
ggvmts,Software Engineer,1,
gorequ,Software Engineer,1,
goc4y1,Software Engineer,1,
gn5o7g,Software Engineer,1,
goc3e1,Software Engineer,1,
gof8kl,Software Engineer,1,
gnnkpt,Software Engineer,1,
gohjiu,Software Engineer,1,
gohgqd,Software Engineer,1,
gfjr20,Software Engineer,1,
gnl0o7,Software Engineer,1,
go48ww,Software Engineer,1,
gkwlaw,Software Engineer,1,
gnh2i6,Software Engineer,1,
gnyrwy,Software Engineer,1,
gouwl4,Software Engineer,1,
gpotei,Software Engineer,1,
godk73,Software Engineer,1,
gphats,Software Engineer,1,
gk9t4t,Software Engineer,1,
gnmqi2,Software Engineer,1,
geic4e,Software Engineer,1,
gk73eg,Software Engineer,1,
gnycaf,Software Engineer,1,
gkne8r,Software Engineer,1,
f41gr0,Software Engineer,1,
goozux,Software Engineer,1,
gpl1pc,Software Engineer,1,
gn7e9l,Software Engineer,1,
gooyvs,Software Engineer,1,
gny6i7,Software Engineer,1,
gl980v,Software Engineer,1,
goobqn,Software Engineer,1,
goo0b4,Software Engineer,1,
gooxd6,Software Engineer,1,
gk82zl,Software Engineer,1,
gn7nmh,Software Engineer,1,
gkne5r,Software Engineer,1,
gn1036,Software Engineer,1,
goo0e0,Software Engineer,1,
gocfbd,Software Engineer,1,
gnfw64,Software Engineer,1,
gkajhu,Software Engineer,1,
gm4yqe,Software Engineer,1,
gkeho6,Software Engineer,1,
gpgwxx,Software Engineer,1,
go4inw,Software Engineer,1,
gkslne,Software Engineer,1,
gdp1hj,Software Engineer,1,
gd2fn4,Software Engineer,1,
gphsvy,Software Engineer,1,
gocgiv,Software Engineer,1,
glx790,Software Engineer,1,
glkctx,Software Engineer,1,
gn6yfs,Software Engineer,1,
gooxvu,Software Engineer,1,
goqjzw,Software Engineer,1,
gj9aev,Software Engineer,1,
gpklf7,Software Engineer,1,
gnprty,Software Engineer,1,
gocfit,Software Engineer,1,
gn83n4,Software Engineer,1,
gknbz8,Software Engineer,1,
goajmy,Software Engineer,1,
gocee3,Software Engineer,1,
gk80p6,Software Engineer,1,
gd19gd,Software Engineer,1,
goc4au,Software Engineer,1,
gnssfz,Software Engineer,1,
f9khok,Software Engineer,1,
glmrnd,Software Engineer,1,
gk4civ,Software Engineer,1,
gooxk7,Software Engineer,1,
glougs,Software Engineer,1,
gn56zx,Software Engineer,1,
gor84d,Software Engineer,1,
gk9tic,Software Engineer,1,
goc2y7,Software Engineer,1,
gpnme1,Software Engineer,1,
glmrlc,Software Engineer,1,
go2xs8,Software Engineer,1,
gnd9qn,Software Engineer,1,
gnj4vl,Software Engineer,1,
gpioa2,Software Engineer,1,
gos2jv,Software Engineer,1,
gns552,Software Engineer,1,
gnyrjv,Software Engineer,1,
gnywj0,Software Engineer,1,
gfccjt,Software Engineer,1,
gnm0s4,Software Engineer,1,
gooz6w,Software Engineer,1,
gk82vd,Software Engineer,1,
gnptu3,Software Engineer,1,
gm1opx,Software Engineer,1,
gnfv6m,Software Engineer,1,
gje6ep,Software Engineer,1,
gn5slt,Software Engineer,1,
gnataj,Software Engineer,1,
glmux1,Software Engineer,1,
go4ssb,Software Engineer,1,
gk81q6,Software Engineer,1,
gl0tsc,Software Engineer,1,
glkz8b,Software Engineer,1,
golqsr,Software Engineer,1,
gkepvu,Software Engineer,1,
gocg1o,Software Engineer,1,
gphwya,Software Engineer,1,
govgyd,Software Engineer,1,
go1vh5,Software Engineer,1,
glkbk7,Software Engineer,1,
gdfw63,Software Engineer,1,
gdf440,Software Engineer,1,
gpj3lv,Software Engineer,1,
gojzb4,Software Engineer,1,
gkb9bd,Software Engineer,1,
gksmta,Software Engineer,1,
gkwk8r,Software Engineer,1,
goxd06,Software Engineer,1,
gl9708,Software Engineer,1,
gj9e22,Software Engineer,1,
gny618,Software Engineer,1,
glmq2x,Software Engineer,1,
gou6sn,Software Engineer,1,
gksocf,Software Engineer,1,
gk80d3,Software Engineer,1,
golyl4,Software Engineer,1,
gogfy9,Software Engineer,1,
goozjr,Software Engineer,1,
gopjrq,Software Engineer,1,
gkek7i,Software Engineer,1,
gnfao6,Software Engineer,1,
gord8a,Software Engineer,1,
gphoay,Software Engineer,1,
go4ohz,Software Engineer,1,
gnnlii,Software Engineer,1,
gn4j7l,Software Engineer,1,
go6m5k,Software Engineer,1,
gnq5xt,Software Engineer,1,
gmt8dv,Engineer,1,
go58zq,Engineer,1,
go946v,Engineer,1,
goqr2z,Engineer,1,
goqwmt,Engineer,1,
go58zn,Engineer,1,
gohefu,Engineer,1,
goxetp,Engineer,1,
gm7u4i,Engineer,1,
gnp55u,Engineer,1,
gnp6rf,Engineer,1,
gosyp1,Engineer,1,
gn373b,Engineer,1,
gn042f,Engineer,1,
gn01ra,Engineer,1,
gnp55t,Engineer,1,
gdbwx4,Engineer,1,
gihgva,Engineer,1,
gpfxkk,Engineer,1,
gozyu0,Engineer,1,
gozzzb,Engineer,1,
goo5f0,Engineer,1,
gksegb,Engineer,1,
godopk,Engineer,1,
f92bjw,Engineer,1,
go48yz,Engineer,1,
gnezne,Engineer,1,
fie4ra,Engineer,1,
gnfedm,Engineer,1,
go4g92,Engineer,1,
go6ige,Engineer,1,
gocbef,Engineer,1,
go78uz,Engineer,1,
gpla2f,Engineer,1,
goorvu,Engineer,1,
gpigp1,Engineer,1,
gplcp1,Engineer,1,
gooxa5,Engineer,1,
gpk9yz,Engineer,1,
go6g0a,Engineer,1,
gpppb1,Engineer,1,
goxpcu,Engineer,1,
gpg4s6,Engineer,1,
gplcoc,Engineer,1,
gnsypz,Engineer,1,
goy68s,Engineer,1,
gormkb,Engineer,1,
gpif1x,Engineer,1,
gorlui,Engineer,1,
goyndq,Engineer,1,
gox9c6,Engineer,1,
godnw9,Engineer,1,
go38fd,Engineer,1,
gpp6fg,Engineer,1,
gof9b1,Engineer,1,
gotu16,Engineer,1,
gpkydn,Engineer,1,
gor5gg,Engineer,1,
go8d3h,Engineer,1,
go4z1i,Engineer,1,
go8e5z,Engineer,1,
goi3og,Engineer,1,
gpnz7l,Engineer,1,
go6knf,Engineer,1,
gn2vwj,Engineer,1,
gnnaux,Engineer,1,
gopr0f,Engineer,1,
gn289a,Engineer,1,
gon149,Engineer,1,
go5avj,Engineer,1,
gn2qae,Engineer,1,
gpi1av,Engineer,1,
gnyj32,Engineer,1,
gnkhyo,Engineer,1,
gn89eh,Engineer,1,
gnvdyy,Engineer,1,
go2rw8,Engineer,1,
gndlwi,Engineer,1,
goh0ef,Engineer,1,
gph5f3,Engineer,1,
gohv74,Engineer,1,
goy11e,Engineer,1,
gn125y,Engineer,1,
gpgg4t,Engineer,1,
gmji00,Engineer,1,
gnm8o6,Engineer,1,
gnoj1n,Engineer,1,
gn4gim,Engineer,1,
gnmn1n,Engineer,1,
gpk7l2,Engineer,1,
gnypy0,Engineer,1,
go2dvo,Engineer,1,
go2f5a,Engineer,1,
govp1t,Engineer,1,
gphk64,Engineer,1,
gopa84,Engineer,1,
gow8ez,Engineer,1,
go3ax9,Engineer,1,
gpl3ro,Engineer,1,
got1r8,Engineer,1,
go6hnb,Engineer,1,
gn4g3l,Engineer,1,
gohxz6,Engineer,1,
gog0q0,Engineer,1,
gos4id,Engineer,1,
gn8koa,Engineer,1,
gn4c5o,Engineer,1,
gl0b7s,Engineer,1,
gn6ueu,Engineer,1,
gk4p2h,Engineer,1,
govejy,Engineer,1,
gk973r,Engineer,1,
goxhk0,Engineer,1,
goqhu0,Engineer,1,
goal98,Engineer,1,
gmi18t,Engineer,1,
gobjfu,Engineer,1,
goxkg3,Engineer,1,
gk6df7,Engineer,1,
gne5bv,Engineer,1,
gnr2xv,Engineer,1,
gpic1w,Engineer,1,
gox99h,Engineer,1,
gndg72,Engineer,1,
gn53yv,Engineer,1,
goh50h,Engineer,1,
gppqx4,Engineer,1,
gnr857,Engineer,1,
gore9m,Engineer,1,
gnyb7o,Engineer,1,
gocmn4,Engineer,1,
gos9xk,Engineer,1,
gm91z2,Engineer,1,
golzmx,Engineer,1,
gn3tor,Engineer,1,
gopvde,Engineer,1,
gphe6y,Engineer,1,
go4jae,Engineer,1,
goh54d,Engineer,1,
gn3ar4,Engineer,1,
goik7v,Engineer,1,
gocy1w,Engineer,1,
gpk9g8,Engineer,1,
glztfy,Engineer,1,
gosa12,Engineer,1,
gnlkkz,Engineer,1,
glyza7,Engineer,1,
gnuqf7,Engineer,1,
goik1u,Engineer,1,
gpkjso,Engineer,1,
goevj4,Engineer,1,
gnyhys,Engineer,1,
gnu9of,Engineer,1,
gnduks,Engineer,1,
gohzay,Engineer,1,
gof21p,Engineer,1,
godp3s,Engineer,1,
gn0ucm,Engineer,1,
go5boo,Engineer,1,
gohu4o,Engineer,1,
go5tu9,Engineer,1,
goh7e0,Engineer,1,
gn4vdu,Engineer,1,
go79bp,Engineer,1,
gplpkv,Engineer,1,
goxcon,Engineer,1,
gobbyz,Engineer,1,
goupn6,Engineer,1,
gorlp0,Engineer,1,
gndpae,Engineer,1,
gnuto5,Engineer,1,
gpiaqy,Engineer,1,
goy3ps,Engineer,1,
goxf5a,Engineer,1,
goqbe4,Engineer,1,
go2hga,Engineer,1,
gokup1,Engineer,1,
gfo9to,Engineer,1,
gpkuf9,Engineer,1,
go4l7u,Engineer,1,
go4s9g,Engineer,1,
gmcvl1,Engineer,1,
gd5m49,Engineer,1,
gpj071,Engineer,1,
gozaqx,Engineer,1,
gpoz18,Engineer,1,
gndf2v,Engineer,1,
gmfog7,Engineer,1,
e2rnou,Engineer,1,
gnn4kw,Engineer,1,
gnlnmz,Engineer,1,
gnr13b,Engineer,1,
goh69c,Engineer,1,
gn4uf2,Engineer,1,
gozbx7,Engineer,1,
gnl12t,Engineer,1,
go7t3b,Engineer,1,
goze3c,Engineer,1,
gpodj5,Engineer,1,
gnlkkw,Engineer,1,
gn4zt3,Engineer,1,
glbvn4,Engineer,1,
go1r5w,Engineer,1,
goqgwv,Engineer,1,
goqbce,Engineer,1,
gnu6qb,Engineer,1,
gpiqve,Engineer,1,
go3fy9,Engineer,1,
gozex4,Engineer,1,
gj9d9f,Engineer,1,
gnns7n,Engineer,1,
goh99f,Engineer,1,
gn58aw,Engineer,1,
goxyfy,Engineer,1,
gfnlsf,Engineer,1,
gkwk18,Engineer,1,
gn1tpu,Engineer,1,
goqb8s,Engineer,1,
gpilo9,Engineer,1,
gn4cno,Engineer,1,
goy6wk,Engineer,1,
gpk7dh,Engineer,1,
gouguh,Engineer,1,
gih37m,Engineer,1,
gnxlnj,Engineer,1,
gk1fnu,Engineer,1,
gitett,Engineer,1,
golpss,Engineer,1,
gntzxo,Engineer,1,
gk9hm1,Engineer,1,
gk9gmf,Engineer,1,
gn2tjt,Engineer,1,
go45cp,Engineer,1,
gl97do,Engineer,1,
gnowdf,Engineer,1,
gm2hfi,Engineer,1,
gpoi7m,Engineer,1,
go4qvo,Engineer,1,
gk9u6z,Engineer,1,
goh8wm,Engineer,1,
gkb8vp,Engineer,1,
gnos0z,Engineer,1,
gikv6j,Engineer,1,
goxvdv,Engineer,1,
gl67xf,Engineer,1,
gmc33l,Engineer,1,
go3bc7,Engineer,1,
goqkxd,Engineer,1,
gpomsc,Engineer,1,
gndrph,Engineer,1,
goh6ig,Engineer,1,
gorgx3,Engineer,1,
gitfae,Engineer,1,
goammt,Engineer,1,
goqgof,Engineer,1,
go5fi2,Engineer,1,
gpb0xx,Engineer,1,
gop6uj,Engineer,1,
gpladd,Engineer,1,
gk9l2c,Engineer,1,
go4tvs,Engineer,1,
gjjd35,Engineer,1,
gi7ytn,Engineer,1,
gk8t9b,Engineer,1,
gn4pzh,Engineer,1,
gnunj0,Engineer,1,
gn2zdl,Engineer,1,
gn13wq,Engineer,1,
gkaa5h,Engineer,1,
goql8i,Engineer,1,
goqdcn,Engineer,1,
go7z1q,Engineer,1,
gpaxll,Engineer,1,
gn6ygc,Engineer,1,
glcu1x,Engineer,1,
go44vh,Engineer,1,
gndk01,Engineer,1,
gmt3kg,Engineer,1,
gm1xk5,Engineer,1,
goae93,Engineer,1,
goqmwr,Engineer,1,
gno6m8,Engineer,1,
go2eom,Engineer,1,
gop5g0,Engineer,1,
gnc8x5,Engineer,1,
gosand,Engineer,1,
go28fc,Engineer,1,
god0w8,Engineer,1,
gjiyv6,Engineer,1,
gndlfj,Engineer,1,
girnht,Engineer,1,
go84op,Engineer,1,
gndvsz,Engineer,1,
gnulku,Engineer,1,
gpkv02,Engineer,1,
go2oj9,Engineer,1,
gndgkq,Engineer,1,
gndqjf,Engineer,1,
gnomh0,Engineer,1,
gpkv5d,Engineer,1,
gns34i,Engineer,1,
gji3bf,Engineer,1,
go7183,Engineer,1,
gnbea6,Engineer,1,
gpmar3,Engineer,1,
gjskxh,Engineer,1,
geuuwx,Engineer,1,
gnl131,Engineer,1,
gnsmr3,Engineer,1,
glnjev,Engineer,1,
go94jc,Engineer,1,
gksggv,Engineer,1,
gndltj,Engineer,1,
gndgof,Engineer,1,
gpnqzl,Engineer,1,
f8657o,Engineer,1,
gnbdlv,Engineer,1,
gj9j6q,Engineer,1,
gpnt1r,Engineer,1,
gkm2mm,Engineer,1,
gofc98,Engineer,1,
gkyl9a,Engineer,1,
gfpy71,Engineer,1,
goqlzv,Engineer,1,
gm14bm,Engineer,1,
go8aff,Engineer,1,
goqhlp,Engineer,1,
gioljr,Engineer,1,
goqhlq,Engineer,1,
gjr8ow,Engineer,1,
goqhlo,Engineer,1,
goy18c,Engineer,1,
gop4qc,Engineer,1,
gh6jy0,Engineer,1,
gofk5c,Engineer,1,
goe3jz,Engineer,1,
go5w2v,Engineer,1,
gi5z2i,Engineer,1,
go0qz4,Engineer,1,
gpo6il,Engineer,1,
gnmqj2,Engineer,1,
gl7lo2,Engineer,1,
gn1whv,Engineer,1,
gos3kx,Engineer,1,
goe7ht,Engineer,1,
gm1z4i,Engineer,1,
gn5a6x,Engineer,1,
gmuzyf,Engineer,1,
gpbqpq,Engineer,1,
gjae4c,Engineer,1,
ggvkqp,Engineer,1,
gndtn6,Engineer,1,
gh6ujn,Engineer,1,
gofaj3,Engineer,1,
goey5l,Engineer,1,
gfpcje,Engineer,1,
gppwwt,Engineer,1,
glooqm,Engineer,1,
gn6ivm,Engineer,1,
gh9bal,Engineer,1,
gndnrp,Engineer,1,
gndfjx,Engineer,1,
glytzn,Engineer,1,
goc2qg,Engineer,1,
gk5z9z,Engineer,1,
gndtq1,Engineer,1,
gkn45l,Engineer,1,
gpc1d5,Engineer,1,
go3b5y,Engineer,1,
goqmuq,Engineer,1,
gozys4,Engineer,1,
go11mv,Engineer,1,
gnl6yi,Engineer,1,
gkmbg9,Engineer,1,
gfx2uc,Engineer,1,
gipcke,Engineer,1,
gpoa5q,Engineer,1,
gjg2hx,Engineer,1,
gf80xe,Engineer,1,
gmxcal,Engineer,1,
gemncb,Engineer,1,
gncm4u,Engineer,1,
gntuso,Engineer,1,
gpcm71,Engineer,1,
gh1cqy,Engineer,1,
gkdkcb,Engineer,1,
gjaa8f,Engineer,1,
gjurmv,Engineer,1,
gi78xg,Engineer,1,
gitrwv,Engineer,1,
ggk4zd,Engineer,1,
gn8nwb,Engineer,1,
gjw8tk,Engineer,1,
goew84,Engineer,1,
go1dnh,Engineer,1,
gg43oz,Engineer,1,
gjyfk6,Engineer,1,
gnduzs,Engineer,1,
gpb7b1,Engineer,1,
gpem8l,Engineer,1,
gh4iid,Engineer,1,
go82yu,Engineer,1,
gecfuw,Engineer,1,
gm9omk,Engineer,1,
go2mvv,Engineer,1,
gfp1tu,Engineer,1,
gmvblt,Engineer,1,
gjaa33,Engineer,1,
gjwgkd,Engineer,1,
gkon7l,Engineer,1,
goff09,Engineer,1,
gl5fq2,Engineer,1,
gjuvjc,Engineer,1,
giyk48,Engineer,1,
go7vj4,Engineer,1,
gjyggc,Engineer,1,
ge3nuj,Engineer,1,
gntpsk,Engineer,1,
gmu9zk,Engineer,1,
gglccr,Engineer,1,
gk6ddg,Engineer,1,
giqt3s,Engineer,1,
gnu11z,Engineer,1,
goildl,Engineer,1,
gmvjhh,Engineer,1,
ggyo15,Engineer,1,
gpabfj,Engineer,1,
gpebpk,Engineer,1,
goc2rh,Engineer,1,
gm1wke,Engineer,1,
gooc2s,Engineer,1,
go06mp,Engineer,1,
goq4h7,Engineer,1,
gmuzvy,Engineer,1,
gdwost,Engineer,1,
gmvgbu,Engineer,1,
go2k3n,Engineer,1,
go4xke,Engineer,1,
gnubbe,Engineer,1,
gf8wu1,Engineer,1,
gd5qk2,Engineer,1,
gmeyzn,Engineer,1,
f967i1,Engineer,1,
f8nnxw,Engineer,1,
gpb431,Engineer,1,
go53d1,Engineer,1,
gpcmul,Engineer,1,
gnvcvj,Engineer,1,
ggnkiy,Engineer,1,
gm98np,Engineer,1,
gorevu,Technologist,1,
goo0qw,Technologist,1,
go6k05,Technologist,1,
glywsv,Technologist,1,
gpkkdq,Technologist,1,
gna6cs,Technologist,1,
gpgkl9,Technologist,1,
gowrp3,Technologist,1,
gn2eey,Technologist,1,
gmwvxe,Technologist,1,
gneihp,Technologist,1,
gowbuz,Technologist,1,
gofbe2,Technologist,1,
gmqpun,Technologist,1,
gh9ab7,Technologist,1,
gl8u03,Technologist,1,
gh89yt,Technologist,1,
gli1ro,Technologist,1,
gjjejn,Technologist,1,
ghv1ct,Technologist,1,
gh9dbj,Technologist,1,
gh9gce,Technologist,1,
gevv35,Technologist,1,
ghvr3q,Technologist,1,
gpbxpr,Technologist,1,
glkl9h,Technologist,1,
gnwhnr,Technologist,1,
gksfe9,Technologist,1,
gonbbn,Technologist,1,
glrj31,Technologist,1,
gnogvg,Technologist,1,
glx9l9,Technologist,1,
gpqdfn,Technologist,1,
gjrouu,Technologist,1,
glmen3,Technologist,1,
goyeao,Technologist,1,
gg03pr,Technologist,1,
goxwr8,Technologist,1,
gk75aj,Technologist,1,
cratkd,Technologist,1,
goxwsb,Technologist,1,
gnghp9,Technologist,1,
gl0ht6,Technologist,1,
golrm9,Technologist,1,
goxwr9,Technologist,1,
goxwsg,Technologist,1,
gnad51,Technologist,1,
gozdo4,Technologist,1,
gnt21z,Technologist,1,
goxwsl,Technologist,1,
goxwsa,Technologist,1,
gozano,Technologist,1,
glb3md,Technologist,1,
gobkdv,Technologist,1,
goxwsd,Technologist,1,
gpmfzr,Technologist,1,
gmd6ds,Technologist,1,
gnxq83,Technologist,1,
gm9etq,Technologist,1,
gppqa0,Technologist,1,
go0msh,Technologist,1,
gjrv3w,Technologist,1,
gony07,Technologist,1,
gm9iw5,Technologist,1,
gmfu5v,Technologist,1,
gpn076,Technologist,1,
gpfmck,Technologist,1,
gpp7jv,Technologist,1,
goh5gg,Technologist,1,
fqbu7g,Technologist,1,
goh1gm,Technologist,1,
goipk2,Technologist,1,
go5s6z,Technologist,1,
goy877,Technologist,1,
go2rc4,Technologist,1,
go7yvf,Technologist,1,
gm9gac,Technologist,1,
gm9n0m,Technologist,1,
gndmc0,Technologist,1,
god00t,Technologist,1,
go39hi,Technologist,1,
gndudv,Technologist,1,
gpd99r,Technologist,1,
goyf9u,Technologist,1,
goii77,Technologist,1,
gm9n00,Technologist,1,
gozbrj,Technologist,1,
gplcz1,Technologist,1,
gpk67p,Technologist,1,
gnun98,Technologist,1,
gm9he3,Technologist,1,
goxwsj,Technologist,1,
gneito,Technologist,1,
gi5el5,Technologist,1,
gpl9jl,Technologist,1,
gpoi8n,Technologist,1,
gm9g8m,Technologist,1,
go6mj7,Technologist,1,
goqgqr,Technologist,1,
goxwj0,Technologist,1,
go48mm,Technologist,1,
gn65n6,Technologist,1,
goxv3y,Technologist,1,
gly5ym,Technologist,1,
gntpcd,Technologist,1,
goaixz,Technologist,1,
gln8ol,Technologist,1,
go16l8,Technologist,1,
gohti0,Technologist,1,
go2q7g,Technologist,1,
gpk8h6,Technologist,1,
gm9lfk,Technologist,1,
gosbnb,Technologist,1,
com2aw,Technologist,1,
goy690,Technologist,1,
gojxmo,Technologist,1,
go4c80,Technologist,1,
gd6b4a,Technologist,1,
go3rsu,Technologist,1,
b82vd7,Technologist,1,
gpp6vv,Technologist,1,
gpgysh,Technologist,1,
goypze,Technologist,1,
bs91j1,Technologist,1,
govaaz,Technologist,1,
gocoy5,Technologist,1,
gowz25,Technologist,1,
gm9ftz,Technologist,1,
gne1ts,Technologist,1,
gpfudr,Technologist,1,
gnupc5,Technologist,1,
gndtxq,Technologist,1,
gn6ofw,Technologist,1,
goyyur,Technologist,1,
gpf3ab,Technologist,1,
gozo5o,Technologist,1,
go5fp1,Technologist,1,
golv94,Technologist,1,
gojy6i,Technologist,1,
gpphbm,Technologist,1,
gozbdo,Technologist,1,
goo3uv,Technologist,1,
go7bz1,Technologist,1,
gopokv,Technologist,1,
gi5ghr,Technologist,1,
gocn2z,Technologist,1,
gplmel,Technologist,1,
gohwmq,Technologist,1,
goxwis,Technologist,1,
gppfhx,Technologist,1,
gm9fzc,Technologist,1,
gnup6q,Technologist,1,
go36xj,Technologist,1,
gos7g9,Technologist,1,
gok3cj,Technologist,1,
go2ja7,Technologist,1,
gn06jc,Technologist,1,
go784b,Technologist,1,
gneeip,Technologist,1,
d95n71,Technologist,1,
gpldgn,Technologist,1,
glzbl6,Technologist,1,
goxgf3,Technologist,1,
gpjxei,Technologist,1,
gd3dl8,Technologist,1,
gnxohu,Technologist,1,
gpokre,Technologist,1,
go4laf,Technologist,1,
govtxm,Technologist,1,
gpk544,Technologist,1,
gpfiu9,Technologist,1,
gpp626,Technologist,1,
goex1c,Technologist,1,
goyyr5,Technologist,1,
gmelmq,Technologist,1,
gn9e1h,Technologist,1,
eyb71b,Technologist,1,
gf8uh4,Technologist,1,
gok8k9,Technologist,1,
gmumwp,Technologist,1,
d95t31,Technologist,1,
gog06b,Technologist,1,
go0mel,Technologist,1,
gm8bpc,Technologist,1,
gmuor7,Technologist,1,
gofmxm,Technologist,1,
gndtdt,Technologist,1,
govoc8,Technologist,1,
goex57,Technologist,1,
gpj9y8,Technologist,1,
ddcmz8,Technologist,1,
gpk533,Technologist,1,
gm13cp,Technologist,1,
f2cne7,Technologist,1,
gpomm3,Technologist,1,
glnz4v,Technologist,1,
go7bdb,Technologist,1,
gmb59l,Technologist,1,
go0uk0,Technologist,1,
goe6o6,Technologist,1,
gov7jx,Technologist,1,
gfsgc8,Technologist,1,
gpmqtu,Technologist,1,
giq8e0,Technologist,1,
gcfetp,Technologist,1,
gpo6hh,Technologist,1,
gn8suq,Technologist,1,
b89x9w,Technologist,1,
gn4emz,Technologist,1,
d969fx,Technologist,1,
go6j13,Technologist,1,
gcg4g0,Technologist,1,
gn7t7y,Technologist,1,
gojgpw,Technologist,1,
go11nd,Technologist,1,
d0es9l,Technologist,1,
glysn3,Technologist,1,
goyilq,Technologist,1,
go3gmp,Technologist,1,
gpmxpa,Technologist,1,
gm61fd,Technologist,1,
gn7qe6,Technologist,1,
gln32j,Technologist,1,
gmul08,Technologist,1,
gppk1d,Technologist,1,
giahrg,Technologist,1,
goio3y,Technologist,1,
gnp7ma,Technologist,1,
gozd58,Technologist,1,
ghppja,Technologist,1,
gozc16,Technologist,1,
gou6qc,Technologist,1,
gpoxm9,Technologist,1,
gohi1v,Technologist,1,
ge0wel,Technologist,1,
gnur9s,Technologist,1,
f8y1eb,Technologist,1,
dagl0o,Technologist,1,
ggnut5,Technologist,1,
gnmk96,Technologist,1,
gos7hp,Technologist,1,
gpimo0,Technologist,1,
gouwk1,Technologist,1,
gnvd09,Technologist,1,
go7u4f,Technologist,1,
gpfj2a,Technologist,1,
ge8ewk,Technologist,1,
gm9gkb,Technologist,1,
glm7cy,Technologist,1,
goy4w8,Technologist,1,
gou7yp,Technologist,1,
go6k3b,Technologist,1,
gm9f7w,Technologist,1,
fwtt50,Technologist,1,
goy8m4,Technologist,1,
gm1hn2,Technologist,1,
gm9ll5,Technologist,1,
gpi684,Technologist,1,
golfl9,Technologist,1,
gok9aw,Technologist,1,
goj7f3,Technologist,1,
goextx,Technologist,1,
gok9au,Technologist,1,
goy5cl,Technologist,1,
gpnuny,Technologist,1,
go29dt,Technologist,1,
goig6a,Technologist,1,
gm9ozu,Technologist,1,
gg1mj5,Technologist,1,
gnad8m,Technologist,1,
gmkq7k,Technologist,1,
gmap95,Technologist,1,
gpnvgp,Technologist,1,
gokxsc,Technologist,1,
gljvpf,Technologist,1,
goqnia,Technologist,1,
gmwx6v,Technologist,1,
gkwimb,Technologist,1,
gn7qe5,Technologist,1,
gozeg6,Technologist,1,
gpprjv,Technologist,1,
gndrig,Technologist,1,
gpjalp,Technologist,1,
gc9x1b,Technologist,1,
gpk2kl,Technologist,1,
gne2lk,Technologist,1,
gpmmj7,Technologist,1,
go6892,Technologist,1,
goez2v,Technologist,1,
gn8uyh,Technologist,1,
gndqfk,Technologist,1,
gndhmk,Technologist,1,
gnygp8,Technologist,1,
goy3c5,Technologist,1,
goza8s,Technologist,1,
go4xns,Technologist,1,
gmjv2h,Technologist,1,
gnmcfz,Technologist,1,
gj6vi0,Technologist,1,
gplu6h,Technologist,1,
gnxn9p,Technologist,1,
govcez,Technologist,1,
gmjvfd,Technologist,1,
gjsfuq,Technologist,1,
gndqfj,Technologist,1,
goxvfg,Technologist,1,
gozlwq,Technologist,1,
gpplm8,Technologist,1,
go7nr4,Technologist,1,
goyzon,Technologist,1,
gfnfpq,Technologist,1,
gdudtg,Technologist,1,
gn9ev0,Technologist,1,
gn3zqc,Technologist,1,
goruc5,Technologist,1,
gn07l1,Technologist,1,
gpjez3,Technologist,1,
gpm84r,Technologist,1,
gmdakq,Technologist,1,
gnydud,Technologist,1,
gotzqp,Technologist,1,
go2rlc,Technologist,1,
goy6kk,Technologist,1,
gkwg8p,Technologist,1,
gn817d,Technologist,1,
gnrzpu,Technologist,1,
b89x03,Technologist,1,
gozdwk,Technologist,1,
gpix5k,Technologist,1,
gotrmt,Technologist,1,
gnc32z,Technologist,1,
gpk6pg,Technologist,1,
gpn2rp,Technologist,1,
gl6o2b,Technologist,1,
goqmwm,Technologist,1,
gpk89p,Technologist,1,
geg9so,Technologist,1,
gdevqj,Technologist,1,
go4jz8,Technologist,1,
gow7j8,Technologist,1,
gn9gu4,Technologist,1,
goidpx,Technologist,1,
gn81zi,Technologist,1,
gmwwfm,Technologist,1,
gohwij,Technologist,1,
govm8q,Technologist,1,
gm9jy8,Technologist,1,
gocn20,Technologist,1,
gnyg98,Technologist,1,
gnekci,Technologist,1,
gnfndm,Technologist,1,
gn9rxl,Technologist,1,
goxocq,Technologist,1,
glmz4h,Technologist,1,
dux7j8,Technologist,1,
gm1r5l,Technologist,1,
goghab,Technologist,1,
gm9e11,Technologist,1,
goiohj,Technologist,1,
gop9sj,Technologist,1,
gotewn,Technologist,1,
go4vl6,Technologist,1,
gpnwxd,Technologist,1,
gm9hdq,Technologist,1,
gmt739,Technologist,1,
gpldvp,Technologist,1,
go74i1,Technologist,1,
goy36v,Technologist,1,
gm9kul,Technologist,1,
gm8vwu,Technologist,1,
gl5g8e,Technologist,1,
b758th,Technologist,1,
cfitt3,Technologist,1,
gowb4a,Technologist,1,
gndwbl,Technologist,1,
gpiald,Technologist,1,
goip14,Technologist,1,
gihldu,Technologist,1,
gm9moc,Technologist,1,
go9ooj,Technologist,1,
go48w8,Technologist,1,
goyiht,Technologist,1,
glkn5h,Technologist,1,
goqj52,Technologist,1,
gm9ip7,Technologist,1,
goe15d,Technologist,1,
gl7s0q,Technologist,1,
gpk8x8,Technologist,1,
gpowqg,Technologist,1,
goyx1n,Technologist,1,
gnshzc,Technologist,1,
gnki9t,Technologist,1,
b88s9k,Technologist,1,
glzfoc,Technologist,1,
gmn43t,Technologist,1,
goxgqv,Technologist,1,
gpool7,Technologist,1,
gobpt9,Technologist,1,
gmjaj2,Technologist,1,
gpkpqc,Technologist,1,
gln9qf,Technologist,1,
gln7qa,Technologist,1,
gm9m6l,Technologist,1,
gndq5j,Technologist,1,
gm9fz8,Technologist,1,
ffg52e,Technologist,1,
goh2sy,Technologist,1,
gm9met,Technologist,1,
goy55o,Technologist,1,
gnue4o,Technologist,1,
gplsxh,Technologist,1,
gn9q7d,Technologist,1,
gn3lq8,Technologist,1,
gpprh0,Technologist,1,
go6uo9,Technologist,1,
gpe6g3,Technologist,1,
gl6ldl,Technologist,1,
gpbx7q,Technologist,1,
fwt47b,Technologist,1,
goxt2t,Technologist,1,
godnie,Technologist,1,
gkcrz0,Technologist,1,
gpirtr,Technologist,1,
go64hd,Technologist,1,
go4dmd,Technologist,1,
gpnu68,Technologist,1,
goaiqo,Technologist,1,
gou19z,Technologist,1,
gpqade,Technologist,1,
gl52a4,Technologist,1,
gn3189,Technologist,1,
gfpp8e,Technologist,1,
fk7bjp,Technologist,1,
gmnsck,Technologist,1,
gntebe,Technologist,1,
gpjovf,Technologist,1,
gpm1xc,Technologist,1,
gov6yi,Technologist,1,
goqmxx,Technologist,1,
gpnfj4,Technologist,1,
gmwup8,Technologist,1,
f89bbj,Technologist,1,
gn3f9m,Technologist,1,
go6kmv,Technologist,1,
gock4k,Technologist,1,
b88187,Technologist,1,
gmjwge,Technologist,1,
gfc3m5,Technologist,1,
gjutuq,Technologist,1,
gndp07,Technologist,1,
gock6c,Technologist,1,
gndfxm,Technologist,1,
ggf2ry,Technologist,1,
gl7iqd,Technologist,1,
go7vou,Technologist,1,
gpp7oj,Technologist,1,
gov7v7,Technologist,1,
buv46s,Technologist,1,
gg0bdq,Technologist,1,
gotx6u,Technologist,1,
gjxtpm,Technologist,1,
gpk6x6,Technologist,1,
gmw1mc,Technologist,1,
gpk501,Technologist,1,
gou1rn,Technologist,1,
gorv6n,Technologist,1,
gmw3ds,Technologist,1,
goyk24,Technologist,1,
gmd0mu,Technologist,1,
gn7on6,Technologist,1,
goohpl,Technologist,1,
glnylw,Technologist,1,
go0kj0,Technologist,1,
gob3w3,Technologist,1,
goy6i7,Technologist,1,
gppqu0,Technologist,1,
gpnna5,Technologist,1,
go6l3k,Technologist,1,
gpn2s9,Technologist,1,
gopoqe,Technologist,1,
gjruya,Technologist,1,
gjrlcm,Technologist,1,
goty90,Technologist,1,
gpk5ks,Technologist,1,
gn6uu1,Technologist,1,
ch7ce4,Technologist,1,
gfc3m4,Technologist,1,
gokvm1,Technologist,1,
gkwhfg,Technologist,1,
gpn1b0,Technologist,1,
gotmjd,Technologist,1,
goj5dv,Technologist,1,
gor80p,Technologist,1,
gn2hu7,Technologist,1,
gph4tk,Technologist,1,
gir5hg,Technologist,1,
gmurdo,Technologist,1,
gpomcr,Technologist,1,
gplbt3,Technologist,1,
girkdv,Technologist,1,
ggvy21,Technician,1,
go4dum,Technician,1,
go3637,Technician,1,
gfb3b5,Technician,1,
go5hbt,Technician,1,
gorecn,Technician,1,
gor67l,Technician,1,
go5ibg,Technician,1,
gofy2v,Technician,1,
go8bgp,Technician,1,
go2ccv,Technician,1,
googrt,Technician,1,
gpk3tc,Technician,1,
glytfg,Technician,1,
gogk8q,Technician,1,
goyhwv,Technician,1,
gpqitk,Technician,1,
gn6vaq,Technician,1,
go5g1o,Technician,1,
goys0f,Technician,1,
gpfx3t,Technician,1,
gpflga,Technician,1,
gn6vap,Technician,1,
gozysy,Technician,1,
go8esk,Technician,1,
gm6i5y,Technician,1,
go0s68,Technician,1,
gpf5ac,Technician,1,
goomir,Technician,1,
gpf8jt,Technician,1,
gnoaul,Technician,1,
go78d2,Technician,1,
gphk87,Technician,1,
goppai,Technician,1,
go5toa,Technician,1,
gpqevl,Technician,1,
golqyb,Technician,1,
gotlqn,Technician,1,
gpgkmb,Technician,1,
go27pf,Technician,1,
gl5gzb,Technician,1,
go0jqi,Technician,1,
gpjkat,Technician,1,
gpfdkq,Technician,1,
gore78,Technician,1,
gobq2y,Technician,1,
govx29,Technician,1,
gpg5ig,Technician,1,
goaxeg,Technician,1,
go9ff0,Technician,1,
gmdf3h,Technician,1,
gpmbi6,Technician,1,
goxt2c,Technician,1,
gpi2cy,Technician,1,
gn855m,Technician,1,
gorpz4,Technician,1,
gpilym,Technician,1,
gnubij,Technician,1,
gn5q24,Technician,1,
go7ftw,Technician,1,
goxwbg,Technician,1,
goudsu,Technician,1,
gox7hj,Technician,1,
gpejh6,Technician,1,
gooy58,Technician,1,
go4b5n,Technician,1,
gne7xk,Technician,1,
gk3pnm,Technician,1,
gnu8fn,Technician,1,
gmdos8,Technician,1,
gk5xs6,Technician,1,
gpktil,Technician,1,
govh2b,Technician,1,
gn8yx0,Technician,1,
gk6sil,Technician,1,
goj3xl,Technician,1,
gogg99,Technician,1,
gof3pu,Technician,1,
gmvcl8,Technician,1,
gn8w2p,Technician,1,
goysm9,Technician,1,
gog714,Technician,1,
govdsw,Technician,1,
gopztn,Technician,1,
ghfsns,Technician,1,
gmab7i,Technician,1,
gm2lo3,Technician,1,
gn9acz,Technician,1,
gnnxv9,Technician,1,
gor0p7,Technician,1,
gpot7p,Technician,1,
gipcnm,Technician,1,
gnhvyn,Technician,1,
gplyup,Technician,1,
gjsvi4,Technician,1,
gn8orc,Technician,1,
gn8mnz,Technician,1,
gnjyly,Technician,1,
gnek7w,Technician,1,
gpqfo8,Technician,1,
gmwx29,Technician,1,
gpf67p,Technician,1,
gpoi99,Technician,1,
goiq1w,Technician,1,
goj5j1,Technician,1,
gpp8es,Technician,1,
gm9450,Technician,1,
gpiavl,Technician,1,
gnlksh,Technician,1,
gn8kwj,Technician,1,
gmj7nw,Technician,1,
gnp8ny,Technician,1,
gorqwm,Technician,1,
gmt44x,Technician,1,
gk9zn2,Technician,1,
gph7bg,Technician,1,
gn7ll4,Technician,1,
gn3lw9,Technician,1,
gpjz4l,Technician,1,
gmt8iy,Technician,1,
gpqb06,Technician,1,
gnu2cy,Technician,1,
gmtvrf,Technician,1,
gnlpeo,Technician,1,
gn8maj,Technician,1,
gojykj,Technician,1,
gpnrdu,Technician,1,
gf9w0q,Technician,1,
glxss6,Technician,1,
gk57dl,Technician,1,
gjav9p,Technician,1,
govsnm,Technician,1,
glyffj,Technician,1,
gpntp0,Technician,1,
gmsbm4,Technician,1,
go4tx6,Technician,1,
fxjoye,Technician,1,
gorfkl,Technician,1,
go8cq8,Technician,1,
go6nl3,Technician,1,
gnd8wb,Technician,1,
gphxdz,Technician,1,
gnejbb,Technician,1,
gmfrhn,Technician,1,
gpgt25,Technician,1,
gnc66q,Technician,1,
goku3b,Technician,1,
gpicut,Technician,1,
go0j0m,Technician,1,
go6goo,Technician,1,
gmj8b5,Technician,1,
gkpyya,Technician,1,
gpn4ye,Technician,1,
goqcy0,Technician,1,
gog0uy,Technician,1,
gmjh3t,Technician,1,
gnu3hh,Technician,1,
gmtv4r,Technician,1,
gioagr,Technician,1,
gjsrhf,Technician,1,
gotzvm,Technician,1,
gkyfge,Technician,1,
gnima7,Technician,1,
gou53x,Technician,1,
go2eow,Technician,1,
gnbd26,Technician,1,
gl612e,Technician,1,
gmksqs,Technician,1,
gnydaz,Technician,1,
go65io,Technician,1,
gotz17,Technician,1,
gnybk5,Technician,1,
gmktia,Technician,1,
gmc87t,Technician,1,
gnxmed,Technician,1,
gj7mvx,Technician,1,
go64aj,Technician,1,
gou532,Technician,1,
gnu3he,Technician,1,
gov3hd,Technician,1,
gog4ga,Technician,1,
gm8bhi,Technician,1,
go7wu7,Technician,1,
gmkcfj,Technician,1,
go6860,Technician,1,
go7sy7,Technician,1,
gnzrzw,Technician,1,
gnices,Technician,1,
gpecpy,Technician,1,
gnnojb,Technician,1,
gnuabi,Technician,1,
go1pjq,Technician,1,
goqmfl,Technician,1,
gmkg2n,Technician,1,
goxrqt,Technician,1,
glu9hb,Technician,1,
go138w,Technician,1,
go7ip8,Technician,1,
gl7yb0,Technician,1,
gpgrix,Technician,1,
gmt6pi,Technician,1,
gnu4fx,Technician,1,
gnd5ip,Technician,1,
go1vpg,Technician,1,
gn3u7f,Technician,1,
gn0z5d,Technician,1,
gny3vw,Technician,1,
gn3t5j,Technician,1,
go7qjq,Technician,1,
got4u0,Technician,1,
go2dlv,Technician,1,
gnbcg2,Technician,1,
gop40d,Technician,1,
goxst6,Technician,1,
gk7z89,Technician,1,
gno630,Technician,1,
gowd71,Technician,1,
gh9cxl,Technician,1,
gn2eij,Technician,1,
goqlt9,Technician,1,
gne6rk,Technician,1,
gk9aw2,Technician,1,
gnxmee,Technician,1,
glo0es,Technician,1,
ghjmh8,Technician,1,
gnobo2,Technician,1,
go7usf,Technician,1,
gosukn,Technician,1,
gn3vey,Technician,1,
gkxync,Technician,1,
goo5b6,Technician,1,
gn5c74,Technician,1,
go6nux,Technician,1,
gnnj0d,Technician,1,
gk9dci,Technician,1,
gn8z3k,Technician,1,
gnu2qg,Technician,1,
gkybxd,Technician,1,
gnr0da,Technician,1,
gkmawe,Technician,1,
gft4j7,Technician,1,
gpj71y,Technician,1,
gofe4c,Technician,1,
gnewvq,Technician,1,
gnx41r,Technician,1,
gop992,Technician,1,
gk98fz,Technician,1,
gokrh6,Technician,1,
gorvqt,Technician,1,
go5b8y,Technician,1,
go70h4,Technician,1,
go72fb,Technician,1,
gnn3rd,Technician,1,
gofn06,Technician,1,
gln5ok,Technician,1,
gnzroe,Technician,1,
gm1v10,Technician,1,
gh9jmo,Technician,1,
gnzrrz,Technician,1,
gm1z9v,Technician,1,
gh6kkz,Technician,1,
goglb4,Technician,1,
gnxnfs,Technician,1,
goi0ty,Technician,1,
gnbcyp,Technician,1,
gm1k9h,Technician,1,
gm1n7j,Technician,1,
go7lxr,Technician,1,
gofhrb,Technician,1,
gm17rm,Technician,1,
go53iy,Technician,1,
go70fd,Technician,1,
gmw8vf,Technician,1,
gofny7,Technician,1,
gl67jh,Technician,1,
gmujpm,Technician,1,
goffwe,Technician,1,
goqnb5,Technician,1,
gk6bbs,Technician,1,
go2i63,Technician,1,
gocqqw,Technician,1,
gnwydh,Technician,1,
gnpfya,Technician,1,
gpn5vx,Technician,1,
goqem6,Technician,1,
gewll8,Technician,1,
go16p8,Technician,1,
gnh17w,Technician,1,
go1j38,Technician,1,
gl67jg,Technician,1,
gnbees,Technician,1,
gly3sh,Technician,1,
go51kk,Technician,1,
gpec2j,Technician,1,
gm1y5p,Technician,1,
goodtl,Technician,1,
go1s6l,Technician,1,
gm123y,Technician,1,
gl70re,Technician,1,
gi8a0i,Technician,1,
goljpz,Technician,1,
gm1iy4,Technician,1,
go8qvu,Technician,1,
gjjcp3,Technician,1,
go51lv,Technician,1,
gji3nm,Technician,1,
glll39,Technician,1,
gpcojw,Technician,1,
giynbs,Technician,1,
ghadhj,Technician,1,
gm1uy2,Technician,1,
gm1nbl,Technician,1,
gm1vpb,Technician,1,
gop9vt,Technician,1,
glo0ri,Technician,1,
ghphv2,Technician,1,
gm1v13,Technician,1,
gk8jnk,Technician,1,
gnbdym,Technician,1,
gduj3l,Technician,1,
go9u37,Technician,1,
gnon93,Technician,1,
gm1nbh,Technician,1,
gm16p8,Technician,1,
gn5g2v,Technician,1,
gjr703,Technician,1,
gnoqed,Technician,1,
gpetao,Technician,1,
gn4q38,Technician,1,
goeklj,Technician,1,
go0ngi,Technician,1,
gnoqtp,Technician,1,
gm12t1,Technician,1,
gm123p,Technician,1,
gm1ut4,Technician,1,
gm1k9i,Technician,1,
gm16p7,Technician,1,
gm1302,Technician,1,
gjxd15,Technician,1,
gm1sfi,Technician,1,
gi58tf,Technician,1,
glyq3p,Technician,1,
gnfpin,Technician,1,
gm1z9w,Technician,1,
gm1iz6,Technician,1,
gjygc1,Technician,1,
gm1uue,Technician,1,
gm1rpx,Technician,1,
gm12t2,Technician,1,
gm1ldn,Technician,1,
gnkipt,Technician,1,
gm1x5q,Technician,1,
gm1ldo,Technician,1,
gn8r01,Technician,1,
gdfzid,Technician,1,
gecnlq,Technician,1,
gloql2,Technician,1,
gm1i86,Technician,1,
gm1ut5,Technician,1,
gm123o,Technician,1,
gm1x02,Technician,1,
gm1k9j,Technician,1,
go4d9q,Technician,1,
gm1n8u,Technician,1,
gh03yl,Technician,1,
gppy6z,Technician,1,
gf99ay,Technician,1,
gkh18c,Technician,1,
gi5l1y,Technician,1,
gm1nbf,Technician,1,
gpefll,Technician,1,
gfnkno,Technician,1,
gnt91e,Technician,1,
go2nn3,Technician,1,
go984d,Technician,1,
gg5l37,Technician,1,
gpksli,Technician,1,
goqwlf,Technician,1,
gdbjly,Technician,1,
gh7k82,Technician,1,
gircs9,Technician,1,
gpn9wm,Technician,1,
gftbi0,Technician,1,
go1afx,Technician,1,
gk5xy2,Technician,1,
gm16gj,Technician,1,
go09sj,Technician,1,
go7gup,Technician,1,
gppwe0,Technician,1,
goq4fw,Technician,1,
gl8ej1,Technician,1,
gjiy1v,Technician,1,
gg47pz,Technician,1,
gf1oy0,Technician,1,
gg41nm,Technician,1,
go7ylo,Technician,1,
glo0o4,Technician,1,
gokol4,Technician,1,
gfjv6w,Technician,1,
gf4a8m,Technician,1,
glu9bk,Technician,1,
gn9gua,Technician,1,
ghh135,Technician,1,
gj9ajd,Technician,1,
go1nj9,Technician,1,
goevb4,Technician,1,
ghpmlq,Technician,1,
gjxdla,Technician,1,
gjr2tm,Technician,1,
gloxi7,Technician,1,
gdukow,Technician,1,
go9uyr,Technician,1,
gmdduu,Technician,1,
girin4,Technician,1,
gf9vd3,Technician,1,
ghdqj5,Technician,1,
go87tp,Technician,1,
gji5me,Technician,1,
glys82,Technician,1,
gfr7bx,Technician,1,
gpc406,Technician,1,
gkt3cg,Technician,1,
goksno,Technician,1,
gipiwj,Technician,1,
gktrj1,Technician,1,
gm2c40,Technician,1,
gkolby,Technician,1,
goe3em,Technician,1,
gfpwj6,Technician,1,
gihvzl,Technician,1,
ghh2d3,Technician,1,
ge5h27,Technician,1,
gpcx9j,Technician,1,
gokm1q,Technician,1,
glouye,Technician,1,
gh1ati,Technician,1,
go9em5,Technician,1,
gfr7wi,Technician,1,
gkdi7l,Technician,1,
go2emb,Technician,1,
ggim6o,Technician,1,
gn9ds9,Technician,1,
gg47ps,Technician,1,
go8uej,Technician,1,
gg40oo,Technician,1,
gg4w6b,Technician,1,
gfw4vj,Technician,1,
gjg041,Technician,1,
gktkfe,Technician,1,
gjm04b,Technician,1,
gd4ujl,Technician,1,
gjjafv,Technician,1,
gio7yi,Technician,1,
gks608,Technician,1,
gpefvj,Technician,1,
gi5opn,Technician,1,
gh1asj,Technician,1,
ge5as5,Technician,1,
gonl41,Technician,1,
gpexro,Technician,1,
go1csv,Technician,1,
gl18od,Technician,1,
gokrar,Technician,1,
go1tqy,Technician,1,
gokm2b,Technician,1,
gi98pl,Technician,1,
gjjd3m,Technician,1,
go98fh,Technician,1,
gpbdkj,Technician,1,
gonk1v,Technician,1,
giksn0,Technician,1,
go2mlg,Technician,1,
gpd0kl,Technician,1,
gjl3wu,Technician,1,
go1mqh,Technician,1,
gj9ezg,Technician,1,
gpbu0d,Technician,1,
goe6b8,Technician,1,
goq8ij,Technician,1,
gpcq48,Technician,1,
goa65z,Technician,1,
gkk8e0,Technician,1,
gobbsz,Technician,1,
go98le,Technician,1,
gftsk9,Technician,1,
gi5sg0,Technician,1,
gglt7r,Technician,1,
gdzcex,Technician,1,
gpbu2p,Technician,1,
gl1dyl,Technician,1,
ge3jv0,Technician,1,
gfjg7i,Technician,1,
gl3hyy,Technician,1,
ge5at9,Technician,1,
ggyahj,Technician,1,
gpd0du,Technician,1,
ge3owa,Technician,1,
ge3p0r,Technician,1,
gge6o1,Technician,1,
gi5xge,Technician,1,
,,,
,,Count:,
,,1,2900
,,2,50
,,3,0
,,4,0
,,5,0
,,6,0
